Date,High,Low,Open,Close,Volume,Adj Close
2020-02-25,26.520000457763672,25.530000686645508,26.450000762939453,25.6299991607666,599600,25.6299991607666
2020-02-26,25.790000915527344,24.489999771118164,25.670000076293945,24.5,595800,24.5
2020-02-27,24.56999969482422,23.3799991607666,23.940000534057617,23.829999923706055,794600,23.829999923706055
2020-02-28,23.770000457763672,22.670000076293945,23.329999923706055,23.729999542236328,1129500,23.729999542236328
2020-03-02,25.260000228881836,23.549999237060547,23.969999313354492,25.229999542236328,794400,25.229999542236328
2020-03-03,25.450000762939453,23.739999771118164,25.170000076293945,23.84000015258789,1047900,23.84000015258789
2020-03-04,24.18000030517578,22.75,24.18000030517578,23.260000228881836,1174800,23.260000228881836
2020-03-05,23.389999389648438,22.299999237060547,22.709999084472656,23.329999923706055,1209000,23.329999923706055
2020-03-06,23.420000076293945,22.5,22.81999969482422,23.360000610351562,989500,23.360000610351562
2020-03-09,22.739999771118164,20.049999237060547,20.899999618530273,22.079999923706055,1228300,22.079999923706055
2020-03-10,23.110000610351562,21.049999237060547,22.690000534057617,22.079999923706055,1133100,22.079999923706055
2020-03-11,21.829999923706055,21.010000228881836,21.6200008392334,21.31999969482422,1074300,21.31999969482422
2020-03-12,20.90999984741211,19.290000915527344,20.010000228881836,20.5,1638900,20.5
2020-03-13,21.3799991607666,19.979999542236328,21.170000076293945,21.309999465942383,1665300,21.309999465942383
2020-03-16,23.56999969482422,18.1200008392334,18.459999084472656,22.360000610351562,1907200,22.360000610351562
2020-03-17,26.940000534057617,22.719999313354492,22.719999313354492,26.56999969482422,2237400,26.56999969482422
2020-03-18,26.760000228881836,23.170000076293945,25.639999389648438,24.479999542236328,2377300,24.479999542236328
2020-03-19,26.600000381469727,23.489999771118164,24.479999542236328,25.010000228881836,1863200,25.010000228881836
2020-03-20,25.600000381469727,23.729999542236328,24.68000030517578,24.729999542236328,2446100,24.729999542236328
2020-03-23,25.489999771118164,23.760000228881836,25.0,23.8700008392334,1721500,23.8700008392334
2020-03-24,25.770000457763672,23.770000457763672,24.440000534057617,24.18000030517578,1775300,24.18000030517578
2020-03-25,25.600000381469727,23.209999084472656,24.110000610351562,23.729999542236328,2117800,23.729999542236328
2020-03-26,25.729999542236328,23.59000015258789,23.790000915527344,25.6299991607666,1454800,25.6299991607666
2020-03-27,26.239999771118164,25.100000381469727,25.149999618530273,25.360000610351562,1061100,25.360000610351562
2020-03-30,26.739999771118164,25.030000686645508,25.31999969482422,26.280000686645508,1055800,26.280000686645508
2020-03-31,26.729999542236328,25.670000076293945,26.309999465942383,25.969999313354492,1181700,25.969999313354492
2020-04-01,26.34000015258789,25.25,25.440000534057617,26.059999465942383,1039000,26.059999465942383
2020-04-02,26.75,25.510000228881836,25.850000381469727,26.290000915527344,939500,26.290000915527344
2020-04-03,27.420000076293945,26.170000076293945,26.3700008392334,27.190000534057617,1170500,27.190000534057617
2020-04-06,27.989999771118164,25.760000228881836,27.700000762939453,26.1299991607666,1274200,26.1299991607666
2020-04-07,26.8700008392334,25.0,26.030000686645508,25.25,1456900,25.25
2020-04-08,26.010000228881836,24.700000762939453,25.229999542236328,25.5,1464600,25.5
2020-04-09,25.899999618530273,24.950000762939453,25.579999923706055,25.399999618530273,1289900,25.399999618530273
2020-04-13,25.649999618530273,24.760000228881836,25.290000915527344,25.40999984741211,948400,25.40999984741211
2020-04-14,26.280000686645508,25.440000534057617,26.06999969482422,25.75,1626800,25.75
2020-04-15,25.989999771118164,24.950000762939453,25.479999542236328,25.209999084472656,1370200,25.209999084472656
2020-04-16,27.18000030517578,25.020000457763672,25.31999969482422,27.15999984741211,1334500,27.15999984741211
2020-04-17,27.100000381469727,26.15999984741211,27.040000915527344,26.90999984741211,1414900,26.90999984741211
2020-04-20,27.440000534057617,26.790000915527344,26.84000015258789,27.09000015258789,1134100,27.09000015258789
2020-04-21,27.399999618530273,26.739999771118164,26.809999465942383,27.079999923706055,889500,27.079999923706055
2020-04-22,27.5,26.780000686645508,27.459999084472656,27.190000534057617,697000,27.190000534057617
2020-04-23,27.450000762939453,26.860000610351562,27.030000686645508,27.020000457763672,736700,27.020000457763672
2020-04-24,27.790000915527344,26.65999984741211,27.229999542236328,27.540000915527344,1087700,27.540000915527344
2020-04-27,28.09000015258789,27.510000228881836,27.860000610351562,27.799999237060547,766600,27.799999237060547
2020-04-28,28.350000381469727,27.3700008392334,28.020000457763672,27.399999618530273,940900,27.399999618530273
2020-04-29,27.440000534057617,26.540000915527344,27.110000610351562,26.75,981900,26.75
2020-04-30,26.920000076293945,25.780000686645508,26.809999465942383,25.84000015258789,1316900,25.84000015258789
2020-05-01,26.3700008392334,25.459999084472656,25.739999771118164,25.6299991607666,1123900,25.6299991607666
2020-05-04,25.809999465942383,25.360000610351562,25.510000228881836,25.469999313354492,807700,25.469999313354492
2020-05-05,26.75,25.399999618530273,25.510000228881836,26.209999084472656,862600,26.209999084472656
2020-05-06,27.270000457763672,25.920000076293945,26.469999313354492,26.809999465942383,845200,26.809999465942383
2020-05-07,29.25,27.510000228881836,28.389999389648438,28.770000457763672,1733300,28.770000457763672
2020-05-08,29.899999618530273,29.1200008392334,29.450000762939453,29.729999542236328,2231800,29.729999542236328
2020-05-11,30.850000381469727,29.670000076293945,29.75,30.31999969482422,1811000,30.31999969482422
2020-05-12,31.889999389648438,30.389999389648438,30.540000915527344,31.299999237060547,1622600,31.299999237060547
2020-05-13,31.920000076293945,30.559999465942383,31.280000686645508,31.030000686645508,1517000,31.030000686645508
2020-05-14,31.219999313354492,29.420000076293945,30.920000076293945,29.469999313354492,1450000,29.469999313354492
2020-05-15,30.65999984741211,29.540000915527344,29.540000915527344,29.639999389648438,2474800,29.639999389648438
2020-05-18,30.049999237060547,28.8799991607666,29.780000686645508,29.1299991607666,1256500,29.1299991607666
2020-05-19,30.540000915527344,29.030000686645508,30.0,29.040000915527344,760100,29.040000915527344
2020-05-20,29.739999771118164,28.969999313354492,29.34000015258789,29.15999984741211,867300,29.15999984741211
2020-05-21,29.270000457763672,28.649999618530273,29.1299991607666,29.1299991607666,719500,29.1299991607666
2020-05-22,29.3700008392334,28.940000534057617,29.06999969482422,29.1299991607666,630600,29.1299991607666
2020-05-26,30.219999313354492,29.270000457763672,29.360000610351562,29.790000915527344,688200,29.790000915527344
2020-05-27,30.799999237060547,29.520000457763672,29.719999313354492,30.799999237060547,660200,30.799999237060547
2020-05-28,31.239999771118164,30.459999084472656,30.739999771118164,30.559999465942383,734100,30.559999465942383
2020-05-29,31.610000610351562,30.360000610351562,30.520000457763672,31.479999542236328,943700,31.479999542236328
2020-06-01,31.940000534057617,30.989999771118164,31.6299991607666,31.40999984741211,2520500,31.40999984741211
2020-06-02,31.450000762939453,31.020000457763672,31.3799991607666,31.360000610351562,604100,31.360000610351562
2020-06-03,31.530000686645508,30.6200008392334,31.450000762939453,30.81999969482422,2458400,30.81999969482422
2020-06-04,31.020000457763672,30.229999542236328,30.610000610351562,30.520000457763672,554600,30.520000457763672
2020-06-05,30.850000381469727,29.610000610351562,30.440000534057617,29.850000381469727,774900,29.850000381469727
2020-06-08,31.299999237060547,29.8799991607666,30.0,31.229999542236328,3130800,31.229999542236328
2020-06-09,31.969999313354492,30.81999969482422,31.299999237060547,31.600000381469727,801700,31.600000381469727
2020-06-10,31.829999923706055,30.56999969482422,31.65999984741211,30.729999542236328,2758600,30.729999542236328
2020-06-11,30.940000534057617,29.84000015258789,30.31999969482422,29.899999618530273,568500,29.899999618530273
2020-06-12,30.399999618530273,29.739999771118164,30.200000762939453,30.229999542236328,698500,30.229999542236328
2020-06-15,30.540000915527344,29.610000610351562,30.0,30.530000686645508,648600,30.530000686645508
2020-06-16,31.149999618530273,30.520000457763672,31.020000457763672,30.860000610351562,670300,30.860000610351562
2020-06-17,31.920000076293945,30.790000915527344,30.989999771118164,31.709999084472656,1283800,31.709999084472656
2020-06-18,31.860000610351562,30.719999313354492,31.700000762939453,31.010000228881836,418400,31.010000228881836
2020-06-19,31.799999237060547,30.90999984741211,31.170000076293945,31.25,840900,31.25
2020-06-22,32.900001525878906,31.65999984741211,32.04999923706055,32.16999816894531,778200,32.16999816894531
2020-06-23,32.4900016784668,31.56999969482422,32.349998474121094,31.610000610351562,744100,31.610000610351562
2020-06-24,31.790000915527344,31.059999465942383,31.520000457763672,31.68000030517578,602200,31.68000030517578
2020-06-25,31.920000076293945,31.350000381469727,31.68000030517578,31.579999923706055,685800,31.579999923706055
2020-06-26,31.940000534057617,30.3799991607666,31.600000381469727,30.6200008392334,1146100,30.6200008392334
2020-06-29,31.299999237060547,30.670000076293945,30.850000381469727,30.989999771118164,688300,30.989999771118164
2020-06-30,31.770000457763672,30.899999618530273,31.209999084472656,31.510000228881836,799600,31.510000228881836
2020-07-01,31.950000762939453,31.049999237060547,31.68000030517578,31.100000381469727,754900,31.100000381469727
2020-07-02,31.600000381469727,31.059999465942383,31.3799991607666,31.350000381469727,516300,31.350000381469727
2020-07-06,31.649999618530273,30.959999084472656,31.510000228881836,31.309999465942383,726500,31.309999465942383
2020-07-07,32.11000061035156,30.940000534057617,31.1200008392334,31.90999984741211,924400,31.90999984741211
2020-07-08,32.27000045776367,31.420000076293945,31.989999771118164,31.75,567100,31.75
2020-07-09,31.760000228881836,31.040000915527344,31.760000228881836,31.1200008392334,632000,31.1200008392334
2020-07-10,31.719999313354492,31.030000686645508,31.030000686645508,31.510000228881836,579000,31.510000228881836
2020-07-13,31.760000228881836,30.860000610351562,31.510000228881836,30.899999618530273,441500,30.899999618530273
2020-07-14,31.90999984741211,30.799999237060547,30.8799991607666,31.8700008392334,616800,31.8700008392334
2020-07-15,32.33000183105469,31.610000610351562,32.0,31.969999313354492,424900,31.969999313354492
2020-07-16,32.29999923706055,31.739999771118164,31.8700008392334,32.22999954223633,407100,32.22999954223633
2020-07-17,32.33000183105469,31.920000076293945,32.2599983215332,31.950000762939453,529100,31.950000762939453
2020-07-20,31.989999771118164,31.479999542236328,31.950000762939453,31.729999542236328,399500,31.729999542236328
2020-07-21,33.2599983215332,31.850000381469727,31.850000381469727,32.97999954223633,804400,32.97999954223633
2020-07-22,33.11000061035156,32.279998779296875,33.11000061035156,32.779998779296875,454800,32.779998779296875
2020-07-23,33.400001525878906,32.790000915527344,32.880001068115234,33.25,375500,33.25
2020-07-24,33.349998474121094,32.650001525878906,33.13999938964844,32.880001068115234,327000,32.880001068115234
2020-07-27,33.95000076293945,32.790000915527344,32.939998626708984,33.869998931884766,513100,33.869998931884766
2020-07-28,34.189998626708984,33.63999938964844,33.79999923706055,33.849998474121094,485300,33.849998474121094
2020-07-29,34.16999816894531,33.70000076293945,33.95000076293945,33.810001373291016,337200,33.810001373291016
2020-07-30,34.06999969482422,33.15999984741211,33.72999954223633,33.95000076293945,351900,33.95000076293945
2020-07-31,34.439998626708984,33.29999923706055,34.0,33.97999954223633,562500,33.97999954223633
2020-08-03,34.20000076293945,33.7599983215332,34.04999923706055,33.959999084472656,433000,33.959999084472656
2020-08-04,34.400001525878906,33.61000061035156,33.880001068115234,34.369998931884766,456600,34.369998931884766
2020-08-05,34.439998626708984,33.790000915527344,34.439998626708984,34.040000915527344,277000,34.040000915527344
2020-08-06,34.22999954223633,33.79999923706055,34.08000183105469,33.869998931884766,390500,33.869998931884766
2020-08-07,33.900001525878906,33.599998474121094,33.7599983215332,33.86000061035156,291900,33.86000061035156
2020-08-10,33.97999954223633,33.18000030517578,33.900001525878906,33.189998626708984,364100,33.189998626708984
2020-08-11,33.349998474121094,32.34000015258789,33.349998474121094,32.720001220703125,544500,32.720001220703125
2020-08-12,33.84000015258789,32.54999923706055,32.900001525878906,33.529998779296875,433400,33.529998779296875
2020-08-13,33.97999954223633,33.25,33.59000015258789,33.650001525878906,290200,33.650001525878906
2020-08-14,34.0,33.36000061035156,33.709999084472656,33.72999954223633,306200,33.72999954223633
2020-08-17,34.529998779296875,33.79999923706055,33.869998931884766,34.060001373291016,549900,34.060001373291016
2020-08-18,34.220001220703125,33.4900016784668,33.970001220703125,34.119998931884766,517900,34.119998931884766
2020-08-19,34.400001525878906,33.959999084472656,34.2599983215332,34.04999923706055,295400,34.04999923706055
2020-08-20,34.369998931884766,33.52000045776367,33.9900016784668,33.88999938964844,1161400,33.88999938964844
2020-08-21,34.20000076293945,33.599998474121094,33.77000045776367,34.119998931884766,597600,34.119998931884766
2020-08-24,34.5,33.709999084472656,34.25,34.439998626708984,600600,34.439998626708984
2020-08-25,34.209999084472656,30.110000610351562,34.209999084472656,31.649999618530273,3204200,31.649999618530273
2020-08-26,33.97999954223633,32.34000015258789,32.400001525878906,32.91999816894531,1754100,32.91999816894531
2020-08-27,33.56999969482422,32.09000015258789,33.369998931884766,32.349998474121094,821400,32.349998474121094
2020-08-28,32.599998474121094,31.670000076293945,32.290000915527344,31.850000381469727,861800,31.850000381469727
2020-08-31,33.02000045776367,32.279998779296875,32.36000061035156,32.790000915527344,965600,32.790000915527344
2020-09-01,33.52000045776367,32.31999969482422,32.97999954223633,33.4900016784668,918700,33.4900016784668
2020-09-02,33.869998931884766,33.189998626708984,33.459999084472656,33.52000045776367,816600,33.52000045776367
2020-09-03,33.81999969482422,32.79999923706055,33.31999969482422,33.2400016784668,792500,33.2400016784668
2020-09-04,33.38999938964844,32.709999084472656,33.20000076293945,33.029998779296875,783100,33.029998779296875
2020-09-08,33.310001373291016,32.20000076293945,33.04999923706055,32.52000045776367,811300,32.52000045776367
2020-09-09,33.31999969482422,32.70000076293945,32.70000076293945,33.060001373291016,584300,33.060001373291016
2020-09-10,33.279998779296875,32.63999938964844,33.18000030517578,32.63999938964844,738700,32.63999938964844
2020-09-11,32.91999816894531,32.209999084472656,32.689998626708984,32.310001373291016,704500,32.310001373291016
2020-09-14,32.560001373291016,32.16999816894531,32.400001525878906,32.459999084472656,807100,32.459999084472656
2020-09-15,33.779998779296875,32.599998474121094,32.68000030517578,33.5099983215332,734800,33.5099983215332
2020-09-16,35.400001525878906,33.56999969482422,33.56999969482422,34.400001525878906,843700,34.400001525878906
2020-09-17,35.47999954223633,34.650001525878906,34.91999816894531,35.22999954223633,818500,35.22999954223633
2020-09-18,35.959999084472656,35.11000061035156,35.16999816894531,35.380001068115234,1761400,35.380001068115234
2020-09-21,35.7599983215332,34.560001373291016,35.11000061035156,34.869998931884766,954800,34.869998931884766
2020-09-22,35.09000015258789,33.9900016784668,34.81999969482422,34.06999969482422,599700,34.06999969482422
2020-09-23,34.720001220703125,33.150001525878906,34.04999923706055,33.15999984741211,533400,33.15999984741211
2020-09-24,33.38999938964844,32.880001068115234,33.189998626708984,32.970001220703125,677700,32.970001220703125
2020-09-25,33.40999984741211,32.619998931884766,32.77000045776367,33.16999816894531,511000,33.16999816894531
2020-09-28,33.91999816894531,33.189998626708984,33.209999084472656,33.560001373291016,741700,33.560001373291016
2020-09-29,33.79999923706055,33.2599983215332,33.52000045776367,33.650001525878906,540600,33.650001525878906
2020-09-30,34.65999984741211,33.56999969482422,33.619998931884766,34.29999923706055,658500,34.29999923706055
2020-10-01,35.22999954223633,34.130001068115234,34.38999938964844,35.16999816894531,723900,35.16999816894531
2020-10-02,35.79999923706055,34.33000183105469,35.0,35.630001068115234,520800,35.630001068115234
2020-10-05,36.88999938964844,35.470001220703125,35.52000045776367,36.77000045776367,495200,36.77000045776367
2020-10-06,36.900001525878906,35.619998931884766,36.83000183105469,35.68000030517578,667900,35.68000030517578
2020-10-07,36.2599983215332,35.68000030517578,35.900001525878906,35.84000015258789,454100,35.84000015258789
2020-10-08,36.0,35.0,35.91999816894531,35.209999084472656,425500,35.209999084472656
2020-10-09,36.0,35.220001220703125,35.25,35.84000015258789,339600,35.84000015258789
2020-10-12,36.439998626708984,35.880001068115234,35.970001220703125,36.18000030517578,970900,36.18000030517578
2020-10-13,36.29999923706055,35.689998626708984,36.15999984741211,35.90999984741211,478700,35.90999984741211
2020-10-14,36.290000915527344,35.470001220703125,36.0,35.72999954223633,628300,35.72999954223633
2020-10-15,36.5,35.16999816894531,35.66999816894531,36.43000030517578,518700,36.43000030517578
2020-10-16,36.790000915527344,36.189998626708984,36.43000030517578,36.209999084472656,435800,36.209999084472656
2020-10-19,36.599998474121094,35.810001373291016,36.310001373291016,35.869998931884766,576400,35.869998931884766
2020-10-20,35.959999084472656,35.09000015258789,35.869998931884766,35.15999984741211,225200,35.15999984741211
2020-10-21,35.310001373291016,34.90999984741211,35.15999984741211,34.95000076293945,390700,34.95000076293945
2020-10-22,35.2400016784668,34.79999923706055,34.91999816894531,35.130001068115234,402400,35.130001068115234
2020-10-23,35.279998779296875,34.650001525878906,35.279998779296875,35.130001068115234,565100,35.130001068115234
2020-10-26,35.15999984741211,34.43000030517578,34.810001373291016,34.900001525878906,666100,34.900001525878906
2020-10-27,35.540000915527344,34.869998931884766,35.029998779296875,34.9900016784668,550800,34.9900016784668
2020-10-28,34.95000076293945,32.939998626708984,34.95000076293945,32.970001220703125,545700,32.970001220703125
2020-10-29,33.20000076293945,31.899999618530273,32.88999938964844,31.940000534057617,740200,31.940000534057617
2020-10-30,32.25,30.579999923706055,31.729999542236328,30.75,1123200,30.75
2020-11-02,31.760000228881836,30.540000915527344,30.920000076293945,31.709999084472656,1095200,31.709999084472656
2020-11-03,32.79999923706055,31.649999618530273,31.649999618530273,32.560001373291016,869400,32.560001373291016
2020-11-04,32.95000076293945,32.04999923706055,32.52000045776367,32.560001373291016,368300,32.560001373291016
2020-11-05,33.06999969482422,32.400001525878906,32.779998779296875,32.65999984741211,732400,32.65999984741211
2020-11-06,33.16999816894531,32.38999938964844,32.7400016784668,32.58000183105469,560000,32.58000183105469
2020-11-09,33.09000015258789,30.760000228881836,32.869998931884766,30.790000915527344,1037800,30.790000915527344
2020-11-10,33.47999954223633,31.469999313354492,31.739999771118164,33.2599983215332,1297600,33.2599983215332
2020-11-11,34.790000915527344,33.29999923706055,33.689998626708984,34.77000045776367,692100,34.77000045776367
2020-11-12,35.56999969482422,34.439998626708984,34.709999084472656,35.529998779296875,600700,35.529998779296875
2020-11-13,36.650001525878906,35.40999984741211,35.70000076293945,36.470001220703125,933700,36.470001220703125
2020-11-16,38.11000061035156,36.29999923706055,36.77000045776367,37.61000061035156,1620200,37.61000061035156
2020-11-17,38.06999969482422,36.65999984741211,37.25,37.720001220703125,2105100,37.720001220703125
2020-11-18,37.56999969482422,36.470001220703125,37.56999969482422,36.54999923706055,569300,36.54999923706055
2020-11-19,37.439998626708984,36.31999969482422,36.65999984741211,37.369998931884766,755000,37.369998931884766
2020-11-20,37.599998474121094,36.41999816894531,37.439998626708984,36.86000061035156,824900,36.86000061035156
2020-11-23,37.83000183105469,36.75,37.029998779296875,37.38999938964844,472500,37.38999938964844
2020-11-24,37.459999084472656,36.65999984741211,37.400001525878906,37.38999938964844,904300,37.38999938964844
2020-11-25,37.880001068115234,37.099998474121094,37.369998931884766,37.27000045776367,372100,37.27000045776367
2020-11-27,37.630001068115234,36.790000915527344,37.02000045776367,37.630001068115234,301700,37.630001068115234
2020-11-30,38.650001525878906,37.470001220703125,37.689998626708984,38.5,774600,38.5
2020-12-01,38.66999816894531,37.66999816894531,38.650001525878906,38.38999938964844,627100,38.38999938964844
2020-12-02,38.75,37.0,38.439998626708984,37.13999938964844,699900,37.13999938964844
2020-12-03,37.349998474121094,36.66999816894531,37.11000061035156,37.029998779296875,886000,37.029998779296875
2020-12-04,37.880001068115234,36.97999954223633,37.2400016784668,37.79999923706055,479500,37.79999923706055
2020-12-07,38.599998474121094,37.7400016784668,37.779998779296875,38.310001373291016,604200,38.310001373291016
2020-12-08,38.75,37.900001525878906,38.09000015258789,38.18000030517578,755300,38.18000030517578
2020-12-09,38.220001220703125,37.04999923706055,38.0,37.08000183105469,1863100,37.08000183105469
2020-12-10,37.810001373291016,37.029998779296875,37.029998779296875,37.619998931884766,796900,37.619998931884766
2020-12-11,37.959999084472656,37.33000183105469,37.439998626708984,37.56999969482422,393900,37.56999969482422
2020-12-14,38.31999969482422,37.599998474121094,37.65999984741211,37.810001373291016,621900,37.810001373291016
2020-12-15,38.189998626708984,37.70000076293945,38.02000045776367,37.83000183105469,887200,37.83000183105469
2020-12-16,39.369998931884766,38.15999984741211,38.869998931884766,38.5,760100,38.5
2020-12-17,38.79999923706055,37.959999084472656,38.47999954223633,38.2400016784668,715300,38.2400016784668
2020-12-18,38.869998931884766,38.11000061035156,38.119998931884766,38.290000915527344,1549600,38.290000915527344
2020-12-21,38.869998931884766,37.79999923706055,38.0099983215332,38.81999969482422,839700,38.81999969482422
2020-12-22,39.15999984741211,38.619998931884766,38.75,38.9900016784668,843100,38.9900016784668
2020-12-23,40.02000045776367,39.20000076293945,39.31999969482422,39.869998931884766,540400,39.869998931884766
2020-12-24,40.11000061035156,39.630001068115234,39.81999969482422,40.0,360000,40.0
2020-12-28,40.619998931884766,40.0,40.34000015258789,40.31999969482422,1323900,40.31999969482422
2020-12-29,40.5,39.75,40.310001373291016,39.970001220703125,650400,39.970001220703125
2020-12-30,40.310001373291016,39.849998474121094,40.11000061035156,39.880001068115234,261600,39.880001068115234
2020-12-31,40.27000045776367,39.540000915527344,39.849998474121094,40.150001525878906,483300,40.150001525878906
2021-01-04,40.290000915527344,39.209999084472656,40.029998779296875,39.63999938964844,494900,39.63999938964844
2021-01-05,40.41999816894531,39.54999923706055,39.61000061035156,40.20000076293945,465500,40.20000076293945
2021-01-06,40.720001220703125,39.849998474121094,40.0,40.40999984741211,502600,40.40999984741211
2021-01-07,40.810001373291016,40.029998779296875,40.58000183105469,40.290000915527344,508800,40.290000915527344
2021-01-08,40.41999816894531,39.61000061035156,40.369998931884766,40.38999938964844,547900,40.38999938964844
2021-01-11,41.11000061035156,39.9900016784668,40.150001525878906,40.72999954223633,620800,40.72999954223633
2021-01-12,41.029998779296875,39.810001373291016,40.970001220703125,40.439998626708984,523500,40.439998626708984
2021-01-13,40.4900016784668,39.709999084472656,39.83000183105469,39.790000915527344,449900,39.790000915527344
2021-01-14,40.939998626708984,39.650001525878906,39.939998626708984,40.79999923706055,1076200,40.79999923706055
2021-01-15,40.9900016784668,40.0099983215332,40.540000915527344,40.36000061035156,750800,40.36000061035156
2021-01-19,40.88999938964844,39.84000015258789,40.75,40.029998779296875,490800,40.029998779296875
2021-01-20,40.7599983215332,39.47999954223633,39.88999938964844,40.279998779296875,325600,40.279998779296875
2021-01-21,40.400001525878906,39.68000030517578,40.36000061035156,39.84000015258789,265100,39.84000015258789
2021-01-22,40.18000030517578,39.630001068115234,39.720001220703125,39.959999084472656,272300,39.959999084472656
2021-01-25,42.52000045776367,40.0,40.0,41.119998931884766,1494300,41.119998931884766
2021-01-26,43.400001525878906,41.29999923706055,41.29999923706055,43.220001220703125,1070400,43.220001220703125
2021-01-27,45.13999938964844,42.4900016784668,42.66999816894531,44.75,3160800,44.75
2021-01-28,45.41999816894531,41.869998931884766,44.25,42.060001373291016,792600,42.060001373291016
2021-01-29,42.459999084472656,41.459999084472656,41.86000061035156,41.59000015258789,652300,41.59000015258789
2021-02-01,41.970001220703125,40.7400016784668,41.630001068115234,41.130001068115234,657200,41.130001068115234
2021-02-02,41.70000076293945,41.060001373291016,41.209999084472656,41.150001525878906,614300,41.150001525878906
2021-02-03,41.310001373291016,40.0099983215332,41.18000030517578,41.209999084472656,453000,41.209999084472656
2021-02-04,41.709999084472656,40.459999084472656,40.459999084472656,41.439998626708984,431800,41.439998626708984
2021-02-05,41.84000015258789,40.790000915527344,41.84000015258789,40.79999923706055,453100,40.79999923706055
2021-02-08,41.54999923706055,40.849998474121094,41.34000015258789,41.52000045776367,630900,41.52000045776367
2021-02-09,43.130001068115234,40.81999969482422,41.900001525878906,42.34000015258789,959100,42.34000015258789
2021-02-10,44.43000030517578,42.45000076293945,44.43000030517578,43.369998931884766,909900,43.369998931884766
2021-02-11,44.34000015258789,42.2400016784668,43.5,44.09000015258789,1016000,44.09000015258789
2021-02-12,44.41999816894531,43.790000915527344,44.279998779296875,44.11000061035156,749700,44.11000061035156
2021-02-16,44.400001525878906,42.439998626708984,44.20000076293945,43.34000015258789,592400,43.34000015258789
2021-02-17,43.81999969482422,42.70000076293945,43.310001373291016,43.7599983215332,632300,43.7599983215332
2021-02-18,44.0099983215332,43.189998626708984,43.34000015258789,43.709999084472656,533900,43.709999084472656
2021-02-19,44.09000015258789,43.119998931884766,43.75,43.41999816894531,620400,43.41999816894531
2021-02-22,43.5,42.939998626708984,43.279998779296875,43.209999084472656,363100,43.209999084472656
2021-02-23,43.189998626708984,41.90999984741211,42.810001373291016,42.0099983215332,958600,42.0099983215332
2021-02-24,42.97999954223633,41.599998474121094,41.91999816894531,42.810001373291016,608600,42.810001373291016
2021-02-25,43.65999984741211,42.209999084472656,42.95000076293945,42.27000045776367,481500,42.27000045776367
2021-02-26,42.77000045776367,41.970001220703125,42.63999938964844,42.18000030517578,477000,42.18000030517578
2021-03-01,42.97999954223633,42.20000076293945,42.27000045776367,42.31999969482422,402300,42.31999969482422
2021-03-02,42.56999969482422,41.58000183105469,42.56999969482422,41.63999938964844,447100,41.63999938964844
2021-03-03,42.2599983215332,41.279998779296875,41.45000076293945,41.970001220703125,592200,41.970001220703125
2021-03-04,42.5,41.54999923706055,41.97999954223633,41.939998626708984,712400,41.939998626708984
2021-03-05,43.58000183105469,41.68000030517578,41.95000076293945,43.56999969482422,482400,43.56999969482422
2021-03-08,44.400001525878906,42.97999954223633,43.52000045776367,44.02000045776367,539500,44.02000045776367
2021-03-09,44.81999969482422,43.41999816894531,44.04999923706055,43.43000030517578,389400,43.43000030517578
2021-03-10,44.77000045776367,43.150001525878906,43.41999816894531,44.459999084472656,457100,44.459999084472656
2021-03-11,45.04999923706055,44.22999954223633,44.529998779296875,44.54999923706055,384400,44.54999923706055
2021-03-12,44.91999816894531,43.88999938964844,44.63999938964844,43.9900016784668,513900,43.9900016784668
2021-03-15,44.58000183105469,43.900001525878906,44.29999923706055,44.54999923706055,573700,44.54999923706055
2021-03-16,45.58000183105469,44.209999084472656,44.90999984741211,44.650001525878906,486800,44.650001525878906
2021-03-17,44.560001373291016,43.56999969482422,44.279998779296875,44.459999084472656,337900,44.459999084472656
2021-03-18,44.56999969482422,43.790000915527344,44.290000915527344,43.790000915527344,266500,43.790000915527344
2021-03-19,45.380001068115234,43.650001525878906,43.81999969482422,44.81999969482422,1211800,44.81999969482422
2021-03-22,45.20000076293945,44.119998931884766,44.65999984741211,44.83000183105469,304300,44.83000183105469
2021-03-23,45.11000061035156,44.31999969482422,44.880001068115234,44.470001220703125,754000,44.470001220703125
2021-03-24,44.470001220703125,42.599998474121094,44.25,42.790000915527344,651500,42.790000915527344
2021-03-25,44.20000076293945,42.0,42.369998931884766,44.06999969482422,519800,44.06999969482422
2021-03-26,45.27000045776367,44.189998626708984,44.310001373291016,45.209999084472656,382700,45.209999084472656
2021-03-29,46.02000045776367,44.619998931884766,45.029998779296875,44.650001525878906,465000,44.650001525878906
2021-03-30,44.880001068115234,44.119998931884766,44.52000045776367,44.5099983215332,311100,44.5099983215332
2021-03-31,44.83000183105469,43.599998474121094,44.380001068115234,43.599998474121094,553400,43.599998474121094
2021-04-01,44.77000045776367,43.09000015258789,43.7599983215332,44.279998779296875,416400,44.279998779296875
2021-04-05,44.869998931884766,44.189998626708984,44.54999923706055,44.68000030517578,239600,44.68000030517578
2021-04-06,45.0,43.79999923706055,44.90999984741211,44.0,529700,44.0
2021-04-07,44.400001525878906,43.5,44.150001525878906,43.5099983215332,770500,43.5099983215332
2021-04-08,43.95000076293945,43.369998931884766,43.5,43.779998779296875,780400,43.779998779296875
2021-04-09,43.900001525878906,42.34000015258789,43.81999969482422,42.560001373291016,362600,42.560001373291016
2021-04-12,43.66999816894531,42.45000076293945,42.709999084472656,43.349998474121094,389300,43.349998474121094
2021-04-13,43.45000076293945,42.97999954223633,43.40999984741211,43.290000915527344,258500,43.290000915527344
2021-04-14,43.45000076293945,42.61000061035156,43.150001525878906,42.70000076293945,836100,42.70000076293945
