Date,High,Low,Open,Close,Volume,Adj Close,TP,CCI,20SMA,40SMA,50SMA,100SMA,60VMA
2019-08-01,26.3700008392334,23.649999618530273,25.5,23.85000038146973,29037100,23.85000038146973,24.623333613077804,,,,,,
2019-08-02,26.940000534057607,22.959999084472656,23.18000030517578,26.06999969482422,2785200,26.06999969482422,25.323333104451493,,,,,,
2019-08-05,25.290000915527344,22.31999969482422,25.20000076293945,23.739999771118164,2628500,23.739999771118164,23.783333460489914,,,,,,
2019-08-06,24.899999618530273,23.20000076293945,24.059999465942386,24.520000457763672,1614800,24.520000457763672,24.20666694641113,,,,,,
2019-08-07,26.6200008392334,23.5,23.75,26.149999618530273,5085200,26.149999618530273,25.423333485921226,89.27442199270183,,,,,
2019-08-08,27.479999542236328,24.10000038146973,26.899999618530273,26.0,2222700,26.0,25.85999997456868,84.80587136062958,,,,,
2019-08-09,26.5,24.466999053955078,26.5,25.25,991000,25.25,25.40566635131836,41.619400806072534,,,,,
2019-08-12,25.29999923706055,23.0,25.29999923706055,23.270000457763672,1240400,23.270000457763672,23.85666656494141,-99.20550428781021,,,,,
2019-08-13,24.54999923706055,23.11000061035156,23.28000068664551,23.60000038146973,1037600,23.60000038146973,23.75333340962728,-87.41519554473032,,,,,
2019-08-14,23.315000534057607,21.21999931335449,23.03000068664551,21.43000030517578,1976900,21.43000030517578,21.98833338419597,-124.68132652817295,,,,,
2019-08-15,22.36000061035156,20.459999084472656,21.61000061035156,21.32999992370605,1218500,21.32999992370605,21.38333320617676,-99.17136646559973,,,,,
2019-08-16,22.63999938964844,21.399999618530273,21.59000015258789,22.38999938964844,1146400,22.38999938964844,22.14333279927571,-34.01603296990147,,,,,
2019-08-19,24.459999084472656,22.63999938964844,22.63999938964844,23.96999931335449,706800,23.96999931335449,23.689999262491867,80.99800326653599,,,,,
2019-08-20,24.76000022888184,23.790000915527344,24.01000022888184,24.479999542236328,439600,24.479999542236328,24.34333356221517,104.16138469071045,,,,,
2019-08-21,25.479999542236328,24.559999465942386,24.60000038146973,25.040000915527344,562900,25.040000915527344,25.02666664123535,91.66309771837635,,,,,
2019-08-22,25.35000038146973,23.809999465942386,25.09000015258789,24.18000030517578,546300,24.18000030517578,24.446666717529297,42.48903787394557,,,,,
2019-08-23,24.309999465942386,23.5310001373291,24.040000915527344,23.899999618530273,297200,23.899999618530273,23.91366640726725,-64.00771447054417,,,,,
2019-08-26,24.5,23.78000068664551,24.270000457763672,23.8700008392334,601800,23.8700008392334,24.050000508626297,-67.01399752780839,,,,,
2019-08-27,24.899999618530273,22.68000030517578,24.0,23.399999618530273,764300,23.399999618530273,23.65999984741211,-90.12118018643672,,,,,
2019-08-28,24.0,22.60000038146973,23.309999465942386,23.01000022888184,470500,23.01000022888184,23.203333536783852,-128.3091313078872,23.972500038146972,,,,
2019-08-29,23.489999771118164,22.520000457763672,23.170000076293945,23.440000534057607,442700,23.440000534057607,23.15000025431315,-88.64034032866901,23.952000045776366,,,,
2019-08-30,23.75,22.270000457763672,23.540000915527344,22.979999542236328,1191600,22.979999542236328,23.0,-77.74431333678977,23.79750003814697,,,,
2019-09-03,23.28000068664551,22.299999237060547,22.5,23.10000038146973,1438900,23.10000038146973,22.893333435058594,-95.87218509396256,23.76550006866455,,,,
2019-09-04,24.20000076293945,23.09000015258789,23.46999931335449,23.979999542236328,1103700,23.979999542236328,23.756666819254562,165.87110361119895,23.738500022888182,,,,
2019-09-05,24.959999084472656,21.670000076293945,22.309999465942386,24.729999542236328,1852700,24.729999542236328,23.786666234334305,86.0845645625125,23.667500019073486,,,,
2019-09-06,25.29999923706055,23.57999992370605,25.26000022888184,23.79999923706055,843400,23.79999923706055,24.226666132609054,98.69167196485844,23.557499980926515,,,,
2019-09-09,23.947999954223643,19.709999084472656,23.93000030517578,21.51000022888184,2368200,21.51000022888184,21.722666422526046,-133.66123080548226,23.370499992370604,,,,
2019-09-10,21.75,19.81999969482422,21.31999969482422,20.11000061035156,1243300,20.11000061035156,20.56000010172526,-112.35587917392223,23.2125,,,,
2019-09-11,20.979999542236328,19.76000022888184,20.479999542236328,20.90999984741211,549200,20.90999984741211,20.549999872843426,-73.43444270793267,23.077999973297118,,,,
2019-09-12,21.82999992370605,20.52199935913086,21.0,21.25,728700,21.25,21.200666427612305,-28.43582569708817,23.06899995803833,,,,
2019-09-13,21.56999969482422,20.780000686645508,21.56999969482422,21.020000457763672,822700,21.020000457763672,21.1233336130778,16.095229514742613,23.05349998474121,,,,
2019-09-16,20.81999969482422,19.8799991607666,20.81999969482422,20.040000915527344,1764200,20.040000915527344,20.246666590372726,-95.7785483210875,22.936000061035156,,,,
2019-09-17,20.625,20.049999237060547,20.309999465942386,20.1299991607666,779000,20.1299991607666,20.268332799275715,-70.47138343349755,22.744000053405763,,,,
2019-09-18,20.96999931335449,20.0,20.350000381469727,20.790000915527344,561300,20.790000915527344,20.586666742960613,-17.20719752612665,22.55950012207031,,,,
2019-09-19,21.96999931335449,20.790000915527344,20.790000915527344,21.36000061035156,978600,21.36000061035156,21.3733336130778,103.03698009543643,22.375500106811522,,,,
2019-09-20,21.729999542236328,21.280000686645508,21.729999542236328,21.530000686645508,4191100,21.530000686645508,21.51333363850911,92.36792059603779,22.24300012588501,,,,
2019-09-23,21.979999542236328,21.26000022888184,21.26000022888184,21.76000022888184,459700,21.76000022888184,21.66666666666667,74.5222607827767,22.136000156402588,,,,
2019-09-24,22.1200008392334,21.489999771118164,22.1200008392334,21.59000015258789,1461300,21.59000015258789,21.733333587646484,75.73199604139316,22.022000122070313,,,,
2019-09-25,21.770000457763672,20.73500061035156,21.76000022888184,20.899999618530273,1033400,20.899999618530273,21.13500022888184,-126.4784141316358,21.897000122070313,,,,
2019-09-26,20.96500015258789,19.899999618530273,20.940000534057614,20.040000915527344,853300,20.040000915527344,20.301666895548504,-146.27392032345466,21.74850015640259,22.86050009727478,,,
2019-09-27,20.46999931335449,18.549999237060547,20.170000076293945,18.950000762939453,1695900,18.950000762939453,19.323333104451496,-123.31754529835621,21.52400016784668,22.738000106811523,,,
2019-09-30,19.040000915527344,18.520000457763672,19.040000915527344,18.670000076293945,1911000,18.670000076293945,18.74333381652832,-103.2399525100586,21.30850019454956,22.553000116348265,,,
2019-10-01,18.899999618530273,18.0,18.5,18.100000381469727,1107100,18.100000381469727,18.33333333333333,-89.34260423643791,21.05850019454956,22.412000131607055,,,
2019-10-02,18.6200008392334,17.430000305175778,18.34000015258789,18.170000076293945,1417600,18.170000076293945,18.07333374023437,-85.68188734898746,20.768000221252443,22.253250122070312,,,
2019-10-03,19.209999084472656,17.690000534057614,18.309999465942386,19.15999984741211,798400,19.15999984741211,18.68666648864746,10.6272172686202,20.48950023651123,22.07850012779236,,,
2019-10-04,19.899999618530273,18.920000076293945,19.6200008392334,19.8799991607666,888400,19.8799991607666,19.56666628519694,154.67873730997997,20.293500232696534,21.925500106811523,,,
2019-10-07,20.18000030517578,19.290000915527344,19.76000022888184,19.5,680700,19.5,19.656667073567707,88.34451334216688,20.19300022125244,21.781750106811522,,,
2019-10-08,19.440000534057614,18.920000076293945,19.049999237060547,19.09000015258789,306500,19.09000015258789,19.150000254313152,15.893490766286511,20.142000198364258,21.677250099182128,,,
2019-10-09,19.440000534057614,18.920000076293945,19.13999938964844,19.040000915527344,430300,19.040000915527344,19.13333384195964,-23.53283683164457,20.04850025177002,21.56325011253357,,,
2019-10-10,19.07999992370605,18.459999084472656,18.950000762939453,18.5,745700,18.5,18.679999669392906,-124.07254516281459,19.91100025177002,21.490000104904176,22.069600105285645,,
2019-10-11,18.834999084472656,18.549999237060547,18.65999984741211,18.700000762939453,812200,18.700000762939453,18.69499969482422,-81.6688849904772,19.795000267028808,21.42425012588501,21.96660011291504,,
2019-10-14,18.68000030517578,17.954999923706055,18.57999992370605,18.5,944100,18.5,18.37833340962728,-106.92909449777584,19.718000221252442,21.3270001411438,21.815200119018556,,
2019-10-15,18.799999237060547,18.020000457763672,18.68000030517578,18.200000762939453,508700,18.200000762939453,18.34000015258789,-88.91476455696802,19.621500301361085,21.182750177383422,21.70440013885498,,
2019-10-16,18.049999237060547,17.049999237060547,18.030000686645508,17.25,791000,17.25,17.4499994913737,-166.66666666666495,19.444500255584718,21.002000188827516,21.559000129699708,,
2019-10-17,18.239999771118164,17.370000839233402,17.40999984741211,17.93000030517578,533800,17.93000030517578,17.84666697184245,-49.853636870903365,19.273000240325928,20.824250173568725,21.394600143432616,,
2019-10-18,18.059999465942386,17.469999313354492,17.799999237060547,17.940000534057614,534800,17.940000534057614,17.823333104451496,-30.72232105858633,19.093500232696535,20.668250179290773,21.23340015411377,,
2019-10-21,18.3799991607666,17.860000610351562,18.020000457763672,18.270000457763672,391500,18.270000457763672,18.170000076293945,61.80344527165003,18.919000244140626,20.527500200271607,21.093800163269044,,
2019-10-22,18.299999237060547,17.739999771118164,18.299999237060547,18.040000915527344,1037900,18.040000915527344,18.02666664123535,57.91961471394122,18.741500282287596,20.381750202178956,20.989200172424315,,
2019-10-23,18.479999542236328,17.84000015258789,17.920000076293945,18.31999969482422,609300,18.31999969482422,18.21333312988281,90.85322438611118,18.612500286102296,20.254750204086303,20.883600158691408,,
2019-10-24,19.149999618530273,18.32099914550781,18.40999984741211,18.780000686645508,513500,18.780000686645508,18.750333150227863,161.81459308323522,18.549500274658204,20.149000215530396,20.8306001663208,,1611651.6666666667
2019-10-25,19.07999992370605,18.44499969482422,18.68000030517578,18.479999542236328,474800,18.479999542236328,18.668333053588867,73.38958545623575,18.526000213623046,20.025000190734865,20.773600158691405,,1135613.3333333333
2019-10-28,19.07999992370605,18.51000022888184,18.700000762939453,18.899999618530273,748400,18.899999618530273,18.82999992370605,73.30276615514134,18.537500190734864,19.923000192642213,20.703800163269044,,1101666.6666666667
2019-10-29,19.01499938964844,18.350000381469727,18.959999084472656,18.51000022888184,236700,18.51000022888184,18.625,3.1348570721287827,18.55800018310547,19.808250188827515,20.59460018157959,,1061803.3333333333
2019-10-30,20.149999618530273,18.350000381469727,18.540000915527344,19.76000022888184,1207900,19.76000022888184,19.420000076293945,166.66666666666876,18.637500190734862,19.702750205993652,20.5002001953125,,1055021.6666666667
2019-10-31,24.0,19.5,23.0,20.229999542236328,2555200,20.229999542236328,21.24333318074544,161.3068628418907,18.691000175476074,19.59025020599365,20.40400016784668,,1012855.0
2019-11-01,21.402999877929688,19.90999984741211,20.61000061035156,21.149999618530273,803500,21.149999618530273,20.82099978129069,69.19106334010321,18.75450019836426,19.524000215530396,20.34340015411377,,989201.6666666666
2019-11-04,22.479999542236328,20.71999931335449,21.3700008392334,20.790000915527344,918300,20.790000915527344,21.32999992370605,68.6318474141061,18.819000244140625,19.506000232696532,20.281200180053713,,987990.0
2019-11-05,21.209999084472656,20.200000762939453,20.790000915527344,20.479999542236328,963400,20.479999542236328,20.62999979654948,-7.389380362881579,18.888500213623047,19.515250205993652,20.21340015411377,,983373.3333333334
2019-11-06,20.700000762939453,19.88999938964844,20.399999618530273,20.0,705000,20.0,20.196666717529297,-121.9551669140769,18.93650016784668,19.492500209808348,20.145400161743165,,977830.0
2019-11-07,20.350000381469727,19.11000061035156,20.100000381469727,19.170000076293945,670400,19.170000076293945,19.543333689371746,-126.25704671298149,18.970000171661376,19.440500211715698,20.068600158691407,,956055.0
2019-11-08,19.440000534057614,18.7549991607666,19.049999237060547,19.399999618530273,651300,19.399999618530273,19.198333104451496,-101.10587715761677,19.005000114440918,19.400000190734865,19.98780014038086,,946601.6666666666
2019-11-11,20.38999938964844,19.100000381469727,19.299999237060547,20.18000030517578,456900,20.18000030517578,19.89000002543132,-0.2662366580020473,19.089000129699706,19.403500175476076,19.93180015563965,,935110.0
2019-11-12,20.59000015258789,19.82999992370605,20.190000534057614,20.149999618530273,403500,20.149999618530273,20.18999989827474,74.38067960177803,19.186500072479248,19.404000186920165,19.87280014038086,,930055.0
2019-11-13,21.56100082397461,19.84000015258789,19.96999931335449,21.32999992370605,803300,21.32999992370605,20.91033363342285,133.04443175429506,19.39050006866455,19.417500162124632,19.819800148010255,,936116.6666666666
2019-11-14,21.66699981689453,20.790000915527344,21.649999618530273,21.09000015258789,622500,21.09000015258789,21.18233362833659,98.01127704570699,19.548500061035156,19.410750150680542,19.747000160217286,,937110.0
2019-11-15,21.63999938964844,20.84600067138672,20.979999542236328,21.450000762939453,413600,21.450000762939453,21.312000274658203,78.02245260043036,19.72400007247925,19.408750152587892,19.700000190734862,,934898.3333333334
2019-11-18,22.298999786376953,21.299999237060547,21.43000030517578,22.06999969482422,362300,22.06999969482422,21.889666239420578,120.84622120461869,19.914000034332275,19.41650013923645,19.711200180053712,,935983.3333333334
2019-11-19,22.670000076293945,21.43000030517578,22.0,22.36000061035156,497000,22.36000061035156,22.15333366394043,103.98527934399687,20.130000019073485,19.43575015068054,19.75620018005371,,934236.6666666666
2019-11-20,23.809999465942386,22.07999992370605,22.51000022888184,23.53000068664551,1089200,23.53000068664551,23.14000002543132,141.13858342846618,20.39050006866455,19.501500177383424,19.80860019683838,,939651.6666666666
2019-11-21,25.38999938964844,23.76300048828125,23.979999542236328,25.149999618530273,1108500,25.149999618530273,24.76766649881999,135.4500170138178,20.709000015258788,19.629250144958498,19.886600189208984,,950285.0
2019-11-22,25.97599983215332,23.75,25.86000061035156,24.190000534057607,628100,24.190000534057607,24.638666788736984,79.45331606765001,20.994500064849852,19.76025013923645,19.950000190734862,,953375.0
2019-11-25,25.28000068664551,24.5,24.5,25.1200008392334,419900,25.1200008392334,24.96666717529297,66.93354294830554,21.30550012588501,19.921500158309936,20.051600189208983,,940513.3333333334
2019-11-26,26.25,25.15999984741211,25.15999984741211,26.209999084472656,788500,26.209999084472656,25.873332977294922,126.49826084942929,21.69050006866455,20.12425012588501,20.173200187683104,,929673.3333333334
2019-11-27,27.1299991607666,26.06999969482422,26.59000015258789,26.85000038146973,1021400,26.85000038146973,26.683333079020187,121.1527132800262,22.045000076293945,20.341250133514404,20.294400177001954,,928301.6666666666
2019-11-29,26.85000038146973,26.29999923706055,26.54999923706055,26.56999969482422,204500,26.56999969482422,26.573333104451493,72.90932442860095,22.36200008392334,20.526500129699706,20.398600158691405,,900831.6666666666
2019-12-02,26.95499992370605,25.18000030517578,26.8799991607666,26.29999923706055,587800,26.29999923706055,26.144999821980797,12.820506334255636,22.619500064849852,20.687000131607057,20.494000129699707,,896571.6666666666
2019-12-03,27.18899917602539,25.51000022888184,25.649999618530273,27.020000457763672,741300,27.020000457763672,26.572999954223636,47.02675855853591,22.93100004196167,20.875000143051146,20.599200134277343,,869456.6666666666
2019-12-04,26.42200088500977,23.79999923706055,25.76000022888184,25.01000022888184,2722400,25.01000022888184,25.077333450317386,-157.57170232808832,23.157500076293946,21.023000144958495,20.667600135803223,,894108.3333333334
2019-12-05,25.42499923706055,24.36000061035156,24.86000061035156,25.10000038146973,637000,25.10000038146973,24.96166674296061,-89.02626594589306,23.41250009536743,21.174500131607054,20.75160015106201,,895571.6666666666
2019-12-06,24.649999618530273,24.059999465942386,24.5,24.40999984741211,11306900,24.40999984741211,24.373332977294922,-94.03437643708736,23.67450008392334,21.32225012779236,20.839000129699706,,1071875.0
2019-12-09,24.63999938964844,24.06999969482422,24.25,24.43000030517578,2544700,24.43000030517578,24.379999796549484,-76.792390083377,23.926000118255615,21.465500116348267,20.948600120544434,,1100575.0
2019-12-10,24.85000038146973,24.35000038146973,24.43000030517578,24.35000038146973,3222000,24.35000038146973,24.516667048136398,-33.81160118892486,24.134500122070314,21.61175012588501,21.062200126647948,,1124871.6666666667
2019-12-11,24.420000076293945,23.899999618530273,24.29999923706055,24.01000022888184,2184100,24.01000022888184,24.10999997456868,-110.25630672547146,24.32750015258789,21.757000112533568,21.18040012359619,,1148290.0
2019-12-12,24.28000068664551,23.60000038146973,24.0,23.81999969482422,1505800,23.81999969482422,23.90000025431315,-118.19385914540862,24.4520001411438,21.921250104904175,21.293400115966797,,1164031.6666666667
2019-12-13,24.489999771118164,23.45000076293945,23.60000038146973,24.36000061035156,1056400,24.36000061035156,24.10000038146973,-34.187968187507465,24.61550016403198,22.08200011253357,21.397400131225584,,1165328.3333333333
2019-12-16,25.540000915527344,24.53000068664551,24.65999984741211,25.32999992370605,2251200,25.32999992370605,25.13333384195964,137.65562058102557,24.80950012207031,22.26675009727478,21.506400146484374,,1132996.6666666667
2019-12-17,25.513999938964844,24.584999084472656,25.43000030517578,24.6299991607666,760400,24.6299991607666,24.90966606140137,67.5616405949717,24.937500095367433,22.425750064849854,21.60900012969971,,1138008.3333333333
2019-12-18,24.8700008392334,24.5,24.60000038146973,24.63999938964844,823700,24.63999938964844,24.670000076293945,19.566285622534142,25.051500034332275,22.59075002670288,21.720000114440918,,1127381.6666666667
2019-12-19,25.1299991607666,24.59000015258789,24.6299991607666,24.739999771118164,962600,24.739999771118164,24.81999969482422,22.784870988356317,25.111999988555908,22.75125002861023,21.834000091552735,,1126201.6666666667
2019-12-20,25.670000076293945,24.78899955749512,25.01000022888184,25.520000457763672,3205200,25.520000457763672,25.326333363850907,114.50649460542515,25.130500030517577,22.919750022888184,21.974400100708007,22.022000102996827,1165400.0
2019-12-23,26.059999465942386,25.53000068664551,25.65999984741211,25.8700008392334,1571700,25.8700008392334,25.820000330607094,127.6672181288518,25.21450004577637,23.10450005531311,22.117800102233886,22.042200107574462,1163330.0
2019-12-24,26.36000061035156,25.420000076293945,26.13999938964844,25.71999931335449,553600,25.71999931335449,25.83333333333333,81.8860570665573,25.244499969482423,23.275000047683715,22.262200088500975,22.038700103759766,1140706.6666666667
2019-12-26,26.989999771118164,25.46999931335449,25.5,26.60000038146973,845000,26.60000038146973,26.353333155314132,108.04476369814873,25.264000034332277,23.477250051498412,22.430200080871582,22.067300109863282,1136338.3333333333
2019-12-27,27.0,25.60000038146973,26.8799991607666,25.65999984741211,863000,25.65999984741211,26.08666674296061,50.27113165225087,25.204500007629395,23.62475004196167,22.598400077819825,22.078700103759765,1127095.0
2019-12-30,26.479999542236328,25.04999923706055,25.6200008392334,26.020000457763672,1193500,26.020000457763672,25.84999974568685,-49.95206892400259,25.177000045776367,23.769500064849854,22.76020008087158,22.077400112152098,1133680.0
2019-12-31,26.739999771118164,25.15999984741211,25.899999618530273,25.29999923706055,1731600,25.29999923706055,25.73333295186361,-79.75876054772424,25.127000045776366,23.87325005531311,22.907400054931642,22.070400104522705,1147733.3333333333
2020-01-02,26.420000076293945,25.43000030517578,25.56999969482422,26.03000068664551,1040300,26.03000068664551,25.960000356038407,-13.68142916382854,25.07750005722046,24.004250049591064,23.06260005950928,22.07820011138916,1153726.6666666667
2020-01-03,26.399999618530273,25.520000457763672,25.63999938964844,26.31999969482422,711600,26.31999969482422,26.07999992370605,76.49652949146785,25.143000030517577,24.150250053405763,23.228200035095213,22.108700103759766,1160478.3333333333
2020-01-06,29.209999084472656,26.06999969482422,26.06999969482422,28.95000076293945,4647600,28.95000076293945,28.076666514078774,166.6666666666675,25.335500049591065,24.374000072479248,23.44080005645752,22.162200107574463,1230766.6666666667
2020-01-07,29.649999618530273,27.90999984741211,29.520000457763672,28.1299991607666,2197600,28.1299991607666,28.563332875569657,97.44124197781142,25.521500015258788,24.598000049591064,23.62780002593994,22.22920009613037,1254965.0
2020-01-08,28.25,26.6200008392334,28.03000068664551,28.01000022888184,2521100,28.01000022888184,27.626667022705078,24.525625936762555,25.700500011444092,24.813250064849854,23.818400039672852,22.29600009918213,1283446.6666666667
2020-01-09,28.739999771118164,27.25,28.5,27.479999542236328,1000700,27.479999542236328,27.823333104451493,20.210640201803287,25.856999969482423,24.99575004577637,23.990000038146974,22.34690010070801,1284390.0
2020-01-10,29.07999992370605,27.54999923706055,27.940000534057607,27.76000022888184,1501600,27.76000022888184,28.129999796549484,22.46603658351781,26.044499969482423,25.186000061035156,24.175000038146973,22.38480010986328,1300938.3333333333
2020-01-13,29.1299991607666,27.54999923706055,28.0,28.82999992370605,1338300,28.82999992370605,28.5033327738444,77.08159940860381,26.294999980926512,25.373500061035156,24.356400032043457,22.428300113677977,1310060.0
2020-01-14,30.149999618530273,27.21999931335449,29.71999931335449,27.790000915527344,2479800,27.790000915527344,28.38666661580403,66.09460534776025,26.466499996185302,25.541000080108642,24.507600059509276,22.455800113677977,1342493.3333333333
2020-01-15,28.440000534057607,27.309999465942386,27.8799991607666,27.5,1058500,27.5,27.75,-92.53678780567832,26.575,25.692250061035157,24.63460006713867,22.489000110626222,1351221.6666666667
2020-01-16,27.88999938964844,26.8799991607666,27.70000076293945,27.399999618530273,1663100,27.399999618530273,27.38999938964844,-115.80091941722773,26.713500022888184,25.82550005912781,24.76680004119873,22.524000110626222,1372415.0
2020-01-17,27.60000038146973,26.63999938964844,27.5,26.81999969482422,1275600,26.81999969482422,27.019999821980797,-103.67453148473592,26.822500038146973,25.937000036239624,24.893600044250487,22.55350009918213,1376376.6666666667
2020-01-21,27.649999618530273,26.20000076293945,27.0,26.26000022888184,2467000,26.26000022888184,26.703333536783852,-100.62886970641294,26.898500061035158,26.005250024795533,25.018800048828126,22.582100105285644,1407338.3333333333
2020-01-22,26.90999984741211,25.729999542236328,26.51000022888184,26.09000015258789,2020600,26.09000015258789,26.243333180745438,-118.1652838191962,26.927000045776367,26.028750038146974,25.157200050354003,22.612900104522705,1432456.6666666667
2020-01-23,28.20000076293945,26.10000038146973,26.290000915527344,27.8799991607666,1915400,27.8799991607666,27.393333435058594,77.50589233089283,27.027499961853028,26.121000003814697,25.32680004119873,22.657300090789796,1456466.6666666667
2020-01-24,28.440000534057607,27.540000915527344,28.09000015258789,27.76000022888184,1347400,27.76000022888184,27.913333892822266,119.52488841236,27.129500007629396,26.186999988555907,25.478400039672852,22.70510009765625,1466450.0
2020-01-27,28.12899971008301,26.60000038146973,26.90999984741211,27.940000534057607,2015300,27.940000534057607,27.55633354187012,47.72968505210879,27.19650001525879,26.23025002479553,25.6342000579834,22.75350009918213,1496093.3333333333
2020-01-28,28.79800033569336,27.76000022888184,28.21999931335449,28.68000030517578,3343900,28.68000030517578,28.412666956583664,110.49242053938022,27.347500038146972,26.276000022888184,25.781200065612794,22.800500106811523,1531693.3333333333
2020-01-29,32.94699859619141,29.85000038146973,31.35000038146973,31.0,4292300,31.0,31.26566632588705,166.66666666666774,27.59650001525879,26.38675003051758,25.979400062561034,22.863200111389162,1560645.0
2020-01-30,32.09000015258789,30.03000068664551,31.0,32.060001373291016,1924300,32.060001373291016,31.393334070841476,85.96513715776136,27.93450012207031,26.53075008392334,26.191600074768065,22.945800132751465,1579325.0
2020-01-31,32.27700042724609,30.75,32.18000030517578,31.309999465942386,1136600,31.309999465942386,31.44566663106282,58.734348281137066,28.198500061035155,26.63800005912781,26.376400070190428,23.043800125122072,1582963.3333333333
2020-02-03,30.520000457763672,29.399999618530273,29.54999923706055,30.21999931335449,5566900,30.21999931335449,30.04666646321614,-30.27313409153193,28.39350004196167,26.768250036239625,26.533600044250488,23.1449001121521,1659688.3333333333
2020-02-04,32.509998321533196,30.354999542236328,30.6299991607666,32.400001525878906,2597200,32.400001525878906,31.754999796549484,84.27831259017013,28.566000080108644,26.950750064849853,26.711000061035158,23.259800128936767,1691225.0
2020-02-05,33.330001831054695,31.15999984741211,33.259998321533196,31.95000076293945,2170400,31.95000076293945,32.14666748046875,100.34588750274901,28.757000160217284,27.139250087738038,26.84700008392334,23.366800136566162,1716225.0
2020-02-06,32.689998626708984,31.03000068664551,31.940000534057607,31.940000534057607,1000700,31.940000534057607,31.88666661580403,50.53442732496813,28.953500175476073,27.327000093460082,27.00200008392334,23.476000137329102,1722048.3333333333
2020-02-07,34.34000015258789,31.26000022888184,32.15999984741211,32.689998626708984,1982100,32.689998626708984,32.763333002726235,103.97152828073195,29.214000129699706,27.535500049591064,27.153400039672853,23.602500114440918,1747468.3333333333
2020-02-10,33.959999084472656,32.700000762939446,33.09000015258789,33.81999969482422,812900,33.81999969482422,33.493333180745445,125.61788144990419,29.517000102996825,27.780750036239624,27.305600051879882,23.739400119781493,1754291.6666666667
2020-02-11,35.900001525878906,33.90999984741211,34.080001831054695,35.689998626708984,2781800,35.689998626708984,35.166666666666664,139.62146790579396,29.86000003814697,28.07750000953674,27.482400016784666,23.88840009689331,1787266.6666666667
2020-02-12,36.36399841308594,34.900001525878906,35.5,36.209999084472656,1827600,36.209999084472656,35.82466634114584,99.76295237744772,30.28099994659424,28.37374997138977,27.675200004577636,24.03690008163452,1807351.6666666667
2020-02-13,36.4900016784668,35.52000045776367,36.0,35.97999954223633,2527600,35.97999954223633,35.9966672261556,73.85975781021054,30.704999923706055,28.63999996185303,27.868800010681152,24.18140007019043,1842585.0
2020-02-14,36.459999084472656,35.779998779296875,36.310001373291016,36.11999893188477,1181700,36.11999893188477,36.11999893188477,67.29942779106045,31.14099988937378,28.927249956130982,28.050799980163575,24.32500005722046,1856241.6666666667
2020-02-18,36.11999893188477,35.0,35.790000915527344,35.139999389648445,1325500,35.139999389648445,35.41999944051107,-57.729681447485,31.55699987411499,29.18974995613098,28.253399963378907,24.460500049591065,1870050.0
2020-02-19,35.939998626708984,33.610000610351555,33.709999084472656,35.11999893188477,2589300,35.11999893188477,34.889999389648445,-127.92209476045338,31.999999809265137,29.449249935150146,28.453799934387206,24.60270004272461,1895051.6666666667
2020-02-20,37.06499862670898,34.15999984741211,35.720001220703125,35.38999938964844,3144000,35.38999938964844,35.53833262125651,-9.789913027128687,32.464999771118165,29.695999908447266,28.673399925231934,24.75620002746582,1928976.6666666667
2020-02-21,34.34999847412109,33.310001373291016,34.220001220703125,33.459999084472656,10470800,33.459999084472656,33.706666310628265,-142.26427610227316,32.743999767303464,29.885749864578248,28.853999900817872,24.90130001068115,2093021.6666666667
2020-02-24,33.240001678466804,32.049999237060554,32.049999237060554,32.93000030517578,2768200,32.93000030517578,32.740000406901046,-115.92930750753885,33.00249977111817,30.065999889373778,29.025599899291993,25.04390001296997,2132160.0
2020-02-25,33.5,32.09000015258789,33.310001373291016,32.59999847412109,5124300,32.59999847412109,32.72999954223633,-76.74960705838875,33.235499668121335,30.215999841690063,29.19739986419678,25.188899993896484,2204423.3333333335
2020-02-26,33.389999389648445,32.310001373291016,32.459999084472656,32.580001831054695,2217600,32.580001831054695,32.76000086466471,-54.32368066960846,33.430499744415286,30.388999891281127,29.372599906921387,25.333000011444092,2224360.0
2020-02-27,32.709999084472656,30.78000068664551,31.979999542236328,31.63999938964844,3407800,31.63999938964844,31.70999972025553,-166.66666666666288,33.46249971389771,30.52949986457825,29.518199882507325,25.457800006866456,2277748.3333333335
2020-02-28,32.31999969482422,30.059999465942386,30.43000030517578,32.299999237060554,2856100,32.299999237060554,31.559999465942386,-92.73183975757051,33.47449960708618,30.704499864578246,29.657599868774415,25.582000007629393,2315553.3333333335
2020-03-02,32.799999237060554,31.12100028991699,32.5,32.380001068115234,3430000,32.380001068115234,32.100333531697586,-10.433596486961646,33.52799968719482,30.86324987411499,29.81259990692139,25.710800018310547,2360365.0
2020-03-03,33.345001220703125,30.59000015258789,32.919998168945305,31.540000915527344,2521700,31.540000915527344,31.82500076293945,-31.516355747205647,33.593999767303465,30.99374990463257,29.950599937438966,25.83530002593994,2357020.0
2020-03-04,33.22999954223633,32.09999847412109,33.22999954223633,32.889999389648445,2108100,32.889999389648445,32.73999913533529,144.87280495657674,33.61849966049194,31.092249870300293,30.11359992980957,25.973800010681153,2381538.3333333335
2020-03-05,33.768001556396484,32.360000610351555,32.61999893188477,33.290000915527344,1991000,33.290000915527344,33.13933436075846,108.28929069741844,33.68549966812134,31.221249914169313,30.268999938964843,26.121700019836425,2226273.3333333335
2020-03-06,32.939998626708984,29.6200008392334,32.68000030517578,30.25,4144700,30.25,30.93666648864746,-127.57987241065932,33.600999641418454,31.277249908447267,30.356599922180177,26.23720001220703,2252940.0
2020-03-09,28.45000076293945,25.70000076293945,26.5,26.36000061035156,5478100,26.36000061035156,26.836667378743485,-160.67312794224952,33.28449974060059,31.249249935150146,30.36939994812012,26.315800018310547,2290541.6666666665
2020-03-10,27.489999771118164,24.959999084472656,27.11000061035156,27.10000038146973,2982700,27.10000038146973,26.51666641235352,-87.30490909799244,32.94849977493286,31.232749938964844,30.379399948120117,26.404800014495848,2303851.6666666665
2020-03-11,26.75,23.53000068664551,26.46999931335449,24.21999931335449,3548400,24.21999931335449,24.83333333333333,-84.11736493224406,32.374999809265134,31.117499923706056,30.350599937438965,26.474500007629395,2337895.0
2020-03-12,23.190000534057607,21.26000022888184,22.0,22.11000061035156,3311200,22.11000061035156,22.186667124430343,-123.40519451260151,31.669999885559083,30.97549991607666,30.272399940490722,26.516300010681153,2375475.0
2020-03-13,24.3799991607666,21.13999938964844,23.5,23.46999931335449,2581700,23.46999931335449,22.996665954589844,-67.12557831353347,31.04449987411499,30.874749898910522,30.2357999420166,26.57159999847412,2380983.3333333335
2020-03-16,21.85700035095215,18.790000915527344,20.959999084472656,19.3700008392334,3536200,19.3700008392334,20.005667368570965,-116.24608895829168,30.20699996948242,30.6739999294281,30.10259994506836,26.582600002288817,2427246.6666666665
2020-03-17,20.420000076293945,18.5,20.0,19.51000022888184,3315800,19.51000022888184,19.476666768391926,-93.54428223088878,29.425500011444093,30.49124994277954,29.966399955749512,26.597299995422365,2468781.6666666665
2020-03-18,19.739999771118164,17.100000381469727,18.290000915527344,19.520000457763672,2582600,19.520000457763672,18.786666870117188,-83.4473063149862,28.645500087738036,30.32274994850159,29.777799949645996,26.609300003051757,2495781.6666666665
2020-03-19,21.649999618530273,18.21999931335449,19.520000457763672,20.8799991607666,1757800,20.8799991607666,20.24999936421712,-3.28774556731888,27.920000076293945,30.192499923706055,29.632799949645996,26.63029998779297,2471658.3333333335
2020-03-20,23.97500038146973,20.76000022888184,21.149999618530273,22.78000068664551,5717400,22.78000068664551,22.505000432332363,163.45476154694262,27.386000156402588,30.064999961853026,29.52819995880127,26.67329999923706,2540753.3333333335
2020-03-23,23.04999923706055,20.96500015258789,22.96999931335449,22.190000534057614,1753100,22.190000534057614,22.068333307902023,72.43409523422234,26.84900016784668,29.92574996948242,29.422399978637696,26.706200008392333,2560745.0
2020-03-24,26.0,23.06999969482422,23.520000457763672,25.75,1831300,25.75,24.939999898274735,122.81367462387371,26.506500244140625,29.87099995613098,29.382199974060057,26.778600006103517,2577183.3333333335
2020-03-25,27.38999938964844,24.32500076293945,25.56999969482422,26.34000015258789,2179700,26.34000015258789,26.018333435058594,102.67633246393964,26.194500160217284,29.812499952316283,29.332399978637696,26.844400005340574,2599128.3333333335
2020-03-26,26.86000061035156,25.11000061035156,25.520000457763672,25.649999618530273,1399000,25.649999618530273,25.873333613077804,66.53574830945931,25.895000171661376,29.67874994277954,29.289599952697753,26.898600006103514,2602553.3333333335
2020-03-27,25.0,23.739999771118164,24.82999992370605,24.489999771118164,1374000,24.489999771118164,24.40999984741211,-14.759292114615748,25.50450019836426,29.48949990272522,29.22939994812012,26.932000007629394,2596593.3333333335
2020-03-30,25.290000915527344,23.959999084472656,24.54999923706055,24.54999923706055,770400,24.54999923706055,24.59999974568685,-60.914619957447,25.113000106811523,29.320499897003174,29.172399940490724,26.969599990844728,2592095.0
2020-03-31,25.809999465942386,23.53000068664551,24.399999618530273,23.84000015258789,1578500,23.84000015258789,24.393333435058594,-62.55087845198072,24.72800006866455,29.160999917984007,29.112799949645996,27.003199996948243,2606543.3333333335
2020-04-01,22.8700008392334,21.59000015258789,22.71999931335449,22.520000457763672,1319600,22.520000457763672,22.32666714986165,-166.66666666666433,24.209500122070313,28.91399989128113,29.037999954223633,27.028400001525878,2551076.6666666665
2020-04-02,23.040000915527344,20.739999771118164,21.809999465942386,21.3799991607666,1754200,21.3799991607666,21.719999949137375,-100.56819923160543,23.614000034332275,28.649749851226808,28.943799934387208,27.050499992370604,2543686.6666666665
2020-04-03,21.959999084472656,19.950000762939453,21.25,20.649999618530273,1531500,20.649999618530273,20.85333315531413,-93.3902619324436,23.13400001525879,28.367499828338623,28.79919994354248,27.062999992370607,2527193.3333333335
2020-04-06,22.8799991607666,20.649999618530273,20.75,22.540000915527344,2457100,22.540000915527344,22.023333231608078,-18.237089644030327,22.943000030517577,28.11374988555908,28.69479995727539,27.08659999847412,2551466.6666666665
2020-04-07,23.70499992370605,22.21999931335449,23.26000022888184,23.0,1993200,23.0,22.97499974568685,119.68890863618185,22.738000011444093,27.843249893188478,28.595999946594237,27.11510000228882,2559660.0
2020-04-08,24.88999938964844,22.459999084472656,23.43000030517578,24.479999542236328,2026600,24.479999542236328,23.94333267211914,118.23073498713758,22.751000022888185,27.56299991607666,28.51199993133545,27.14659999847412,2571131.6666666665
2020-04-09,26.25,24.26099967956543,24.70000076293945,24.76000022888184,1319600,24.76000022888184,25.09033330281575,114.3716049793602,22.883500003814696,27.27674994468689,28.387199935913085,27.18329999923706,2551795.0
2020-04-13,24.670000076293945,23.04999923706055,24.670000076293945,24.21999931335449,1454700,24.21999931335449,23.979999542236328,28.522213906992512,22.921000003814697,26.982749938964844,28.230399894714356,27.21099998474121,2558398.3333333335
2020-04-14,25.959999084472656,24.500999450683594,25.0,25.54999923706055,1261800,25.54999923706055,25.3369992574056,94.16874341729574,23.229999923706053,26.71849994659424,28.11519989013672,27.245799980163575,2551710.0
2020-04-15,25.17499923706055,24.20000076293945,25.0,25.04999923706055,1598100,25.04999923706055,24.808333079020187,21.95253108833911,23.50699987411499,26.46624994277954,28.011799888610838,27.272699966430665,2557085.0
2020-04-16,26.25,25.10000038146973,26.01000022888184,25.78000068664551,1635200,25.78000068664551,25.710000356038407,102.21488646066202,23.81999988555908,26.23274998664856,27.879399871826173,27.295199966430665,2543221.6666666665
2020-04-17,26.42499923706055,25.354999542236328,25.85000038146973,25.70000076293945,1599600,25.70000076293945,25.826666514078774,78.37028320194956,24.060999965667726,25.990500020980836,27.754399871826173,27.300699977874757,2536205.0
2020-04-20,27.104999542236328,25.13999938964844,25.68000030517578,26.540000915527344,1967500,26.540000915527344,26.26166661580403,108.66377431225851,24.248999977111815,25.8175000667572,27.646399879455565,27.324199981689453,2537073.3333333335
2020-04-21,27.170000076293945,25.34000015258789,26.21999931335449,25.559999465942386,1601900,25.559999465942386,26.023333231608078,53.076281793924636,24.417499923706053,25.633250045776368,27.503799896240235,27.328599967956542,2541315.0
2020-04-22,28.1200008392334,26.09000015258789,27.01000022888184,27.290000915527344,3311100,27.290000915527344,27.166667302449547,156.3407885469729,24.494499969482423,25.500500106811522,27.373199920654297,27.33939998626709,2562911.6666666665
2020-04-23,28.29999923706055,26.53000068664551,27.459999084472656,27.54999923706055,1478600,27.54999923706055,27.45999972025554,99.29613010645096,24.554999923706056,25.37475004196167,27.21039993286133,27.346399974822997,2531823.3333333335
2020-04-24,29.489999771118164,27.53000068664551,27.93000030517578,28.54999923706055,1828500,28.54999923706055,28.523333231608078,126.72781580208816,24.69999990463257,25.29750003814697,27.057199935913086,27.36619997024536,2490760.0
2020-04-27,29.5,28.6200008392334,29.3700008392334,28.88999938964844,1219600,28.88999938964844,29.00333340962728,101.063837282414,24.919999885559083,25.21225004196167,26.915399932861327,27.39209997177124,2479015.0
2020-04-28,30.46999931335449,27.56999969482422,29.35000038146973,28.489999771118164,1831800,28.489999771118164,28.84333292643229,60.57183491762778,25.116999912261964,25.115000009536743,26.762799949645995,27.406799964904785,2490601.6666666665
2020-04-29,30.690000534057607,29.077999114990234,29.20000076293945,30.190000534057607,1279100,30.190000534057607,29.98600006103516,132.07466682313114,25.43449993133545,25.08125,26.66379997253418,27.458599967956545,2419138.3333333335
2020-04-30,30.809999465942386,29.56999969482422,30.11000061035156,29.85000038146973,880000,29.85000038146973,30.076666514078774,88.40552530105373,25.800999927520753,25.005250024795533,26.55840000152588,27.506099967956544,2390518.3333333335
2020-05-01,29.170000076293945,26.920000076293945,29.170000076293945,27.15999984741211,2133700,27.15999984741211,27.75,-128.02647150602056,26.089999961853028,24.85199999809265,26.39380001068115,27.533599967956544,2389906.6666666665
2020-05-04,29.229999542236328,26.989999771118164,26.989999771118164,28.26000022888184,1131700,28.26000022888184,28.15999984741211,-62.66383401647358,26.470499992370605,24.8022500038147,26.289800033569335,27.571899967193602,2392090.0
2020-05-05,30.10000038146973,28.79999923706055,28.85000038146973,29.29999923706055,1153400,29.29999923706055,29.399999618530284,24.226346134860748,26.808499908447267,24.87574996948242,26.21720001220703,27.62139995574951,2378278.3333333335
2020-05-06,30.209999084472656,29.01000022888184,29.479999542236328,29.809999465942386,1104200,29.809999465942386,29.676666259765625,52.31641200884285,27.148999881744384,24.943499946594237,26.161400032043456,27.679399948120118,2383133.3333333335
2020-05-07,32.52000045776367,30.85000038146973,31.01000022888184,31.88999938964844,2457400,31.88999938964844,31.75333340962728,143.89409843441194,27.51949987411499,25.13524994850159,26.147599983215333,27.760099945068358,2377726.6666666665
2020-05-08,32.639999389648445,31.04999923706055,32.419998168945305,31.21999931335449,2752800,31.21999931335449,31.636665980021164,80.2364064585191,27.842499828338624,25.36299991607666,26.139199981689455,27.828699932098388,2393146.6666666665
2020-05-11,34.279998779296875,31.690000534057607,32.220001220703125,33.5,3745100,33.5,33.15666643778483,106.74511497603315,28.306499862670897,25.613749933242797,26.163199996948244,27.910399932861328,2413438.3333333335
2020-05-12,33.40999984741211,30.25,31.729999542236328,32.400001525878906,4928300,32.400001525878906,32.02000045776367,31.194035880404254,28.648999977111817,25.939499950408937,26.163600006103515,27.98809995651245,2475881.6666666665
2020-05-13,33.610000610351555,31.399999618530273,33.529998779296875,32.93000030517578,3679200,32.93000030517578,32.646666844685875,51.087532796527974,29.04300003051758,26.274999952316286,26.191399993896486,28.070999965667724,2515110.0
2020-05-14,33.389999389648445,31.75,32.560001373291016,33.0,2031600,33.0,32.713333129882805,38.29941611785941,29.403999996185302,26.61199994087219,26.193600006103516,28.15359996795654,2505815.0
2020-05-15,33.419998168945305,32.435001373291016,32.86999893188477,33.029998779296875,2059900,33.029998779296875,32.96166610717773,59.599588262182465,29.770499897003173,26.915749931335448,26.188399963378906,28.228699951171876,2487746.6666666665
2020-05-18,35.0,33.5,33.790000915527344,34.889999389648445,2098200,34.889999389648445,34.463333129882805,166.5927951232354,30.18799982070923,27.218499898910522,26.281199951171875,28.318899936676026,2348203.3333333335
2020-05-19,37.04999923706055,35.060001373291016,35.189998626708984,36.4900016784668,3133700,36.4900016784668,36.20000076293945,130.4843789115019,30.73449993133545,27.57599992752075,26.48379997253418,28.42659996032715,2354295.0
2020-05-20,39.0,36.61999893188477,37.83000183105469,36.81999969482422,2640500,36.81999969482422,37.47999954223633,109.01961130144942,31.21099987030029,27.85274991989136,26.67819995880127,28.528799953460695,2312898.3333333335
2020-05-21,37.040000915527344,35.11999893188477,36.68000030517578,36.04999923706055,2400900,36.04999923706055,36.06999969482422,30.720840011361343,31.635999870300292,28.095499897003172,26.91479995727539,28.632699947357178,2315953.3333333335
2020-05-22,37.150001525878906,35.54999923706055,36.040000915527344,37.0,2158500,37.0,36.56666692097982,38.48077105284628,32.05849990844727,28.37924990653992,27.21259994506836,28.742499942779542,2295131.6666666665
2020-05-26,38.34000015258789,36.209999084472656,38.310001373291016,37.27999877929688,2388800,37.27999877929688,37.276666005452476,70.49012437965744,32.47799987792969,28.698999881744385,27.488799934387206,28.862299938201904,2287343.3333333335
2020-05-27,37.29999923706055,33.310001373291016,37.060001373291016,35.93000030517578,2321600,35.93000030517578,35.51333363850912,-111.66876201233684,32.84999990463257,28.983499908447264,27.819999923706053,28.961299934387206,2268870.0
2020-05-28,38.900001525878906,36.06499862670898,36.09000015258789,37.72999954223633,2483900,37.72999954223633,37.56499989827474,97.93991848475149,33.226999855041505,29.330749893188475,28.184399909973145,29.075399932861327,2268240.0
2020-05-29,39.099998474121094,37.36000061035156,38.13999938964844,38.47000122070313,9994300,38.47000122070313,38.31000010172526,104.64285902316229,33.65799989700317,29.729499912261964,28.563399925231934,29.170599937438965,2399676.6666666665
2020-06-01,38.95000076293945,36.08000183105469,37.97999954223633,38.65999984741211,3248200,38.65999984741211,37.89666748046875,53.08265660134254,34.232999897003175,30.1614999294281,28.918999938964845,29.27589994430542,2420630.0
2020-06-02,38.59000015258789,36.400001525878906,38.59000015258789,36.77000045776367,3333800,36.77000045776367,37.253334045410156,-4.898394864650094,34.65849990844727,30.564499950408937,29.198799934387207,29.36349994659424,2407115.0
2020-06-03,36.29999923706055,34.610000610351555,35.0,36.22999954223633,15304200,36.22999954223633,35.71333312988281,-157.57171057025374,35.00499992370605,30.90674991607666,29.479599914550782,29.450999946594237,2570883.3333333335
2020-06-04,36.4900016784668,35.009998321533196,35.880001068115234,36.150001525878906,8071700,36.150001525878906,35.88333384195963,-77.4937936491307,35.32200002670288,31.235499954223634,29.68759994506836,29.53489995956421,2655700.0
2020-06-05,38.18999862670898,35.27000045776367,35.40999984741211,37.29999923706055,6456600,37.29999923706055,36.91999944051107,16.636883472007607,35.59250001907348,31.555999946594238,29.906799926757813,29.619599952697754,2704170.0
2020-06-08,37.38000106811523,35.41999816894531,37.22000122070313,36.52000045776367,2347400,36.52000045776367,36.43999989827474,-0.2585538931138401,35.857500076293945,31.849999952316285,30.12419994354248,29.706899948120117,2688106.6666666665
2020-06-09,39.40999984741211,36.22000122070313,36.52000045776367,37.959999084472656,4457000,37.959999084472656,37.86333338419596,130.82297106862347,36.08050003051758,32.19349994659424,30.39359992980957,29.811499938964843,2719361.6666666665
2020-06-10,39.2599983215332,37.02000045776367,38.95000076293945,37.900001525878906,2327200,37.900001525878906,38.06000010172526,92.16038456163488,36.355500030517575,32.502250003814694,30.66059997558594,29.91649995803833,2699211.6666666665
2020-06-11,37.45000076293945,35.21900177001953,36.2599983215332,35.439998626708984,2427000,35.439998626708984,36.03633371988932,-95.3883367140838,36.48099994659424,32.76199998855591,30.89259994506836,30.00269994735718,2684398.3333333335
2020-06-12,37.099998474121094,35.15999984741211,36.310001373291016,35.88999938964844,2020500,35.88999938964844,36.04999923706055,-65.30961684752931,36.62549991607666,33.014749956130984,31.159999923706053,30.098999938964845,2675030.0
2020-06-15,38.81999969482422,34.880001068115234,35.310001373291016,38.58000183105469,3714900,38.58000183105469,37.42666753133138,27.088771322308784,36.903000068664554,33.336749982833865,31.503999977111818,30.223899955749513,2707648.3333333335
2020-06-16,40.65999984741211,38.76100158691406,39.63000106811523,39.959999084472656,4403300,39.959999084472656,39.79366683959961,133.03138275640387,37.156500053405765,33.672249937057494,31.890199966430664,30.344699954986574,2685746.6666666665
2020-06-17,41.66999816894531,40.06999969482422,40.4900016784668,40.650001525878906,4113400,40.650001525878906,40.79666646321615,101.70732891327593,37.36450004577637,34.04949998855591,32.2523999786377,30.47359996795654,2725085.0
2020-06-18,40.90999984741211,39.40999984741211,40.63999938964844,40.40999984741211,1702800,40.40999984741211,40.24333318074545,54.19962385506418,37.54400005340576,34.377499961853026,32.600599975585936,30.59829996109009,2722943.3333333335
2020-06-19,43.099998474121094,40.92900085449219,42.83000183105469,41.79999923706055,3845400,41.79999923706055,41.94299952189128,110.81984447988741,37.83150005340576,34.73374996185303,32.94699996948242,30.729499950408936,2750705.0
2020-06-22,43.15999984741211,41.63000106811523,41.95000076293945,42.599998474121094,1963100,42.599998474121094,42.46333312988281,102.10168146479073,38.11149997711182,35.08499994277954,33.30379993438721,30.845499935150148,2760106.6666666665
2020-06-23,44.15999984741211,42.400001525878906,42.95000076293945,42.65999984741211,2048200,42.65999984741211,43.073333740234375,96.38778035315613,38.38050003051758,35.429249954223636,33.672599945068356,30.951499919891358,2771343.3333333335
2020-06-24,43.11999893188477,41.02999877929688,42.13999938964844,42.34000015258789,2247100,42.34000015258789,42.16333262125652,17.538189876974133,38.70100002288818,35.775499963760375,34.008399963378906,31.061799926757814,2795955.0
2020-06-25,42.55699920654297,40.06999969482422,42.290000915527344,40.97999954223633,2732400,40.97999954223633,41.20233281453451,-134.43276521018277,38.86350002288818,36.045249938964844,34.32699996948242,31.16939992904663,2815186.6666666665
2020-06-26,41.79999923706055,40.099998474121094,41.209999084472656,41.400001525878906,4881100,41.400001525878906,41.09999974568685,-88.3537939655525,39.01000003814697,36.333999967575075,34.63939998626709,31.25939992904663,2874545.0
2020-06-29,41.43899917602539,38.209999084472656,41.25,40.52999877929688,3004300,40.52999877929688,40.05966567993164,-110.75208555561882,39.10349998474121,36.668249940872194,34.93599994659424,31.345199909210205,2895380.0
2020-06-30,40.91999816894531,39.775001525878906,40.63000106811523,40.599998474121094,4014600,40.599998474121094,40.4316660563151,-62.54840767006172,39.29499988555908,36.976749897003174,35.217199897766115,31.43179988861084,2936765.0
2020-07-01,43.310001373291016,40.61000061035156,40.61000061035156,42.849998474121094,2317800,42.849998474121094,42.25666681925456,135.90179848398392,39.62599983215332,37.31549987792969,35.562999877929684,31.53339988708496,2934443.3333333335
2020-07-02,43.3849983215332,41.61999893188477,43.209999084472656,42.349998474121094,2021800,42.349998474121094,42.45166524251302,90.75856352694728,39.93599967956543,37.628999853134154,35.864199829101565,31.61869987487793,2934920.0
2020-07-06,42.90999984741211,41.02000045776367,42.75,41.08000183105469,2748100,41.08000183105469,41.67000071207682,21.867445173608683,40.124999809265134,37.85874991416931,36.13479988098145,31.672599906921388,2946945.0
2020-07-07,42.47000122070313,40.80500030517578,41.20000076293945,41.81999969482422,1935800,41.81999969482422,41.698333740234375,-0.425641930061265,40.38999977111816,38.12374992370606,36.40019989013672,31.7286999130249,2957215.0
2020-07-08,42.900001525878906,41.59000015258789,42.5,42.36000061035156,2408200,42.36000061035156,42.28333409627279,45.409156114360705,40.60999984741211,38.34524993896484,36.66959991455078,31.792499923706053,2973106.6666666665
2020-07-09,44.36999893188477,41.060001373291016,42.81999969482422,44.060001373291016,3919000,44.060001373291016,43.163333892822266,133.23586021719638,40.917999839782716,38.63674993515015,36.98099994659424,31.871899948120117,3017393.3333333335
2020-07-10,44.64500045776367,42.209999084472656,44.40999984741211,43.38000106811523,2830300,43.38000106811523,43.41166687011719,95.61974837337814,41.314999961853026,38.897999954223636,37.24479995727539,31.954299964904784,3037930.0
2020-07-13,44.198001861572266,38.88000106811523,43.650001525878906,39.4900016784668,4576500,39.4900016784668,40.85600153605143,-118.24316875234652,41.49500007629395,39.060249996185306,37.437599983215335,31.997999992370605,3086951.6666666665
2020-07-14,40.86000061035156,37.27000045776367,38.36999893188477,40.83000183105469,2460200,40.83000183105469,39.653334299723305,-114.28779652093486,41.607500076293945,39.25525007247925,37.711000022888186,32.05240001678467,3101295.0
2020-07-15,42.209999084472656,40.45000076293945,41.09000015258789,42.18999862670898,2263700,42.18999862670898,41.61666615804037,-6.6532242655808265,41.719000053405765,39.437750053405765,37.989599990844724,32.13970001220703,3106231.6666666665
2020-07-16,42.13000106811523,39.06999969482422,42.13000106811523,40.43999862670898,2135300,40.43999862670898,40.54666646321615,-43.05100895758246,41.708499908447266,39.536499977111816,38.2123999786377,32.21479999542236,3115121.6666666665
2020-07-17,42.040000915527344,39.93000030517578,40.45000076293945,41.63999938964844,1544500,41.63999938964844,41.20333353678385,52.84028523097815,41.76999988555908,39.65699996948242,38.44899997711182,32.305200004577635,3085678.3333333335
2020-07-20,43.599998474121094,41.40999984741211,42.40999984741211,43.47000122070313,1178400,43.47000122070313,42.826666514078774,129.1562980317984,41.85349998474121,39.84250001907348,38.680600013732914,32.41409999847412,3080675.0
2020-07-21,44.25,42.560001373291016,44.0,43.02999877929688,1068000,43.02999877929688,43.28000005086264,99.63560278541931,41.875,39.99324998855591,38.916800003051755,32.5279999923706,3068000.0
2020-07-22,43.68000030517578,42.790000915527344,43.0,43.15999984741211,939100,43.15999984741211,43.21000035603842,62.058962264302274,41.9,40.140250015258786,39.11,32.63659999847412,3063325.0
2020-07-23,44.45000076293945,41.77000045776367,42.97000122070313,42.59000015258789,1939100,42.59000015258789,42.936667124430336,27.479123134627446,41.9125,40.306750011444095,39.31379997253418,32.738699989318846,3065113.3333333335
2020-07-24,42.150001525878906,39.810001373291016,41.79999923706055,41.27999877929688,1882800,41.27999877929688,41.08000055948893,-166.66666666666217,41.92749996185303,40.3954999923706,39.4807999420166,32.83609996795654,3075175.0
2020-07-27,42.43000030517578,41.45000076293945,42.27000045776367,42.400001525878906,2126900,42.400001525878906,42.09333419799805,-38.09521214490627,41.97749996185303,40.49375,39.66879997253418,32.93119998931885,3095956.6666666665
2020-07-28,42.63000106811523,40.6349983215332,42.38999938964844,40.7400016784668,3934800,40.7400016784668,41.335000356038414,-70.39266512926952,41.988000106811526,40.545750045776366,39.823000030517576,33.005699996948245,3125975.0
2020-07-29,42.59000015258789,38.43999862670898,41.97000122070313,41.90999984741211,3926900,41.90999984741211,40.97999954223633,-70.78318821147275,42.053500175476074,40.67425003051758,39.96340003967285,33.12229999542237,3172561.6666666665
2020-07-30,42.83000183105469,40.3650016784668,41.52999877929688,42.36999893188477,2085200,42.36999893188477,41.85500081380209,63.68832921595109,42.02950019836426,40.827750015258786,40.08099998474121,33.2823999786377,3188091.6666666665
2020-07-31,43.31999969482422,40.88999938964844,43.20000076293945,41.83000183105469,1262600,41.83000183105469,42.01333363850912,59.926284156862394,42.003500366210936,40.969750022888185,40.18120002746582,33.429699993133546,3190731.6666666665
2020-08-03,41.47000122070313,40.43000030517578,40.72000122070313,41.400001525878906,10471000,41.400001525878906,41.1000010172526,-62.24536515539406,42.01950035095215,41.072250080108645,40.28820007324219,33.601500015258786,3324291.6666666665
2020-08-04,41.66999816894531,40.5099983215332,41.400001525878906,41.5,5640500,41.5,41.22666549682617,-34.78036959011356,42.003500366210936,41.19675006866455,40.37820007324219,33.79540000915527,3372420.0
2020-08-05,42.93000030517578,41.43999862670898,41.79999923706055,42.150001525878906,6895300,42.150001525878906,42.173333485921226,81.59149275669435,41.9930004119873,41.301500129699704,40.47560012817383,33.98220003128052,3424923.3333333335
2020-08-06,42.72000122070313,39.91999816894531,42.18999862670898,41.2400016784668,3903400,41.2400016784668,41.29333368937174,-41.979907193239924,41.8520004272461,41.3850001335144,40.58180015563965,34.20090003967285,3407841.6666666665
2020-08-07,40.7599983215332,37.47999954223633,40.7599983215332,37.84000015258789,6301000,37.84000015258789,38.69333267211914,-166.666666666664,41.57500038146973,41.44500017166138,40.58400016784668,34.38420003890991,3451538.3333333335
2020-08-10,38.22000122070313,35.529998779296875,37.5,36.79999923706055,5720600,36.79999923706055,36.84999974568685,-117.08411718922,41.440500259399414,41.46775016784668,40.550600128173826,34.55700002670288,3513021.6666666665
2020-08-11,37.61999893188477,35.41999816894531,36.41999816894531,36.810001373291016,5392100,36.810001373291016,36.61666615804037,-80.159335743521,41.23950023651123,41.42350015640259,40.5136001586914,34.716300048828124,3568558.3333333335
2020-08-12,37.35300064086914,36.310001373291016,36.86999893188477,36.77999877929688,3859700,36.77999877929688,36.81433359781901,-53.23571027896263,40.969000244140624,41.34400014877319,40.51380012512207,34.856300029754635,3597916.6666666665
2020-08-13,38.275001525878906,36.52000045776367,36.7599983215332,37.52999877929688,2324700,37.52999877929688,37.44166692097982,16.837424728269696,40.82350025177002,41.26600008010864,40.53980010986328,35.009700012207034,3584433.3333333335
2020-08-14,38.28499984741211,37.2400016784668,37.83000183105469,37.310001373291016,2152900,37.310001373291016,37.61166763305664,98.73863091021305,40.60700035095215,41.18850011825562,40.56300010681152,35.12530002593994,3576306.6666666665
2020-08-17,38.38999938964844,36.349998474121094,36.36000061035156,38.29999923706055,2517000,38.29999923706055,37.67999903361002,72.02052987110233,40.34850025177002,41.10100011825561,40.583000106811525,35.24490001678467,3578241.6666666665
2020-08-18,39.0,38.22999954223633,38.77000045776367,38.83000183105469,2629700,38.83000183105469,38.686667124430336,161.51999719361558,40.13850040435791,41.00675020217896,40.62920013427734,35.37670003890991,3586095.0
2020-08-19,39.540000915527344,38.125,39.0,39.290000915527344,2391900,39.290000915527344,38.98500061035156,99.80128317756899,39.94500045776367,40.92250022888184,40.65580017089844,35.52470005035401,3586146.6666666665
2020-08-20,40.36999893188477,38.70199966430664,38.88999938964844,40.11999893188477,2463800,40.11999893188477,39.730665842692055,111.22715747991766,39.82150039672852,40.86700019836426,40.700200119018554,35.68040004730224,3588516.6666666665
2020-08-21,40.17499923706055,39.42499923706055,39.97999954223633,39.7599983215332,1988700,39.7599983215332,39.78666559855143,85.69474396183513,39.74550037384033,40.83650016784668,40.78660011291504,35.8396000289917,3580263.3333333335
2020-08-24,40.36000061035156,38.849998474121094,40.0,39.5099983215332,1979800,39.5099983215332,39.57333246866862,35.62592948381735,39.601000213623045,40.78925008773804,40.85900009155274,36.00950000762939,3446688.3333333335
2020-08-25,40.38999938964844,39.47999954223633,39.5,40.11999893188477,1761500,40.11999893188477,39.996665954589844,94.98965263417848,39.570000076293944,40.77900009155273,40.88980003356934,36.196900005340574,3421910.0
2020-08-26,44.12900161743164,40.88999938964844,40.93999862670898,43.63000106811523,3562900,43.63000106811523,42.88300069173177,166.66666666666902,39.6560001373291,40.85475015640259,40.963200073242184,36.426700019836424,3425728.3333333335
2020-08-27,43.43999862670898,42.15999984741211,43.43999862670898,42.68000030517578,1411900,42.68000030517578,42.75999959309896,80.51979697397066,39.67150020599365,40.85050020217896,41.003800048828126,36.62810001373291,3194190.0
2020-08-28,44.13000106811523,42.9900016784668,42.9900016784668,43.25,2277600,43.25,43.456667582194,73.66139143665659,39.742500114440915,40.87300024032593,41.06060005187988,36.83060001373291,3097621.6666666665
2020-08-31,44.400001525878906,42.900001525878906,43.38999938964844,44.22999954223633,3527400,44.22999954223633,43.84333419799805,80.74558890117305,39.88400001525879,40.95175018310547,41.1092000579834,37.02810001373291,3048801.6666666665
2020-09-01,47.68000030517578,44.810001373291016,44.90999984741211,47.09000015258789,5061900,47.09000015258789,46.52666727701822,166.66666666666868,40.163500022888186,41.08350019454956,41.19900009155273,37.251400012969974,3094043.3333333335
2020-09-02,48.849998474121094,44.900001525878906,48.75,46.68999862670898,5477900,46.68999862670898,46.81333287556966,89.33554504863181,40.390499877929685,41.1917501449585,41.279600067138674,37.476100006103515,3111058.3333333335
2020-09-03,45.5,40.27000045776367,45.0,41.7400016784668,4714100,41.7400016784668,42.503334045410156,-86.76247638523733,40.41549987792969,41.13375015258789,41.26760009765625,37.63800003051758,3150840.0
2020-09-04,41.75,37.65999984741211,40.70000076293945,39.9900016784668,3586400,39.9900016784668,39.800000508626304,-123.14660438164229,40.522999954223636,41.04900016784668,41.24780014038086,37.78740005493164,3170163.3333333335
2020-09-08,40.22000122070313,37.584999084472656,38.29999923706055,38.59000015258789,2441100,38.59000015258789,38.798333485921226,-90.12781842510569,40.6125,41.026500129699706,41.19160011291504,37.91550004959107,3177173.3333333335
2020-09-09,40.86999893188477,38.61000061035156,39.66999816894531,40.0099983215332,3463900,40.0099983215332,39.82999928792318,-46.07098801896814,40.77249984741211,41.00600004196167,41.181200103759764,38.058600025177,3172990.0
2020-09-10,41.0,38.95000076293945,40.25,39.11000061035156,1984000,39.11000061035156,39.686667124430336,-30.606504858128886,40.888999938964844,40.92900009155274,41.15140014648438,38.18430002212524,3132668.3333333335
2020-09-11,40.06999969482422,38.4900016784668,39.61999893188477,39.13000106811523,2310800,39.13000106811523,39.23000081380209,-43.788852318339366,40.969000053405765,40.89625015258789,41.07700019836426,38.32000003814697,3102625.0
2020-09-14,40.040000915527344,38.58100128173828,39.66999816894531,39.72000122070313,2403700,39.72000122070313,39.44700113932291,10.54064008965355,41.08950004577637,40.848250198364255,41.0244002532959,38.44430004119873,3114306.6666666665
2020-09-15,41.310001373291016,39.86000061035156,40.08000183105469,40.52999877929688,2048100,40.52999877929688,40.56666692097982,152.11401899392843,41.20100002288818,40.7747501373291,41.01340019226074,38.5741000366211,3084351.6666666665
2020-09-16,40.70000076293945,39.08000183105469,40.400001525878906,39.11000061035156,2237200,39.11000061035156,39.63000106811523,-16.004835107010464,41.214999961853025,40.67675018310547,40.95920021057129,38.679700050354,3088920.0
2020-09-17,39.93000030517578,37.900001525878906,38.20000076293945,39.849998474121094,3871000,39.849998474121094,39.22666676839193,-68.54624084277773,41.24299983978271,40.59400014877319,40.90900016784668,38.78930004119873,3119300.0
2020-09-18,40.18000030517578,38.52999877929688,40.099998474121094,39.43999862670898,2761500,39.43999862670898,39.38333257039388,-48.65731747813215,41.20899982452393,40.51525011062622,40.81660011291504,38.89880002975464,3127873.3333333335
2020-09-21,40.38999938964844,38.150001525878906,38.650001525878906,40.34000015258789,1626600,40.34000015258789,39.62666702270508,-11.363606807608779,41.23799991607666,40.491750144958495,40.755800094604496,39.00030002593994,3109443.3333333335
2020-09-22,41.47000122070313,40.04999923706055,41.0,41.22999954223633,1741800,41.22999954223633,40.91666666666666,166.6666666666723,41.32399997711182,40.46250009536743,40.790600051879885,39.11410001754761,3057121.6666666665
2020-09-23,41.900001525878906,40.2599983215332,41.13999938964844,40.290000915527344,2088300,40.290000915527344,40.81666692097982,78.55870909965884,41.33250007629395,40.451250076293945,40.77980003356934,39.24540002822876,3041855.0
2020-09-24,40.34000015258789,38.459999084472656,39.86000061035156,38.95000076293945,1778100,38.95000076293945,39.25,-71.87658411598427,41.09850006103515,40.37725009918213,40.71500007629395,39.352300033569335,3004580.0
2020-09-25,41.66999816894531,39.10300064086914,39.83000183105469,41.18000030517578,1912700,41.18000030517578,40.65099970499674,40.83384852689979,41.02350006103516,40.3475001335144,40.729800109863284,39.47110004425049,2997828.3333333335
2020-09-28,42.06999969482422,40.584999084472656,41.54999923706055,40.81999969482422,1411800,40.81999969482422,41.15833282470703,76.3959205720988,40.90200004577637,40.322250080108645,40.7134001159668,39.58120004653931,2987661.6666666665
2020-09-29,41.68000030517578,40.45000076293945,41.060001373291016,41.22000122070313,1746100,41.22000122070313,41.11666742960612,64.03673585284723,40.75150012969971,40.31775007247925,40.6684001159668,39.67450006484985,2970961.6666666665
2020-09-30,42.38999938964844,40.52000045776367,40.86000061035156,41.02000045776367,2174200,41.02000045776367,41.31000010172526,68.38979938942042,40.4480001449585,40.30575008392334,40.628200149536134,39.772500076293944,2974935.0
2020-10-01,42.15999984741211,41.19499969482422,41.83000183105469,41.38999938964844,1987600,41.38999938964844,41.58166631062826,123.43049275175743,40.18300018310547,40.28675003051758,40.59280014038086,39.85140007019043,2967925.0
2020-10-02,41.790000915527344,39.5,40.25,39.56999969482422,1846800,39.56999969482422,40.28666687011719,-166.66666666665637,40.07450008392334,40.244999980926515,40.532400131225586,39.923100051879885,2933388.3333333335
2020-10-05,40.790000915527344,39.34500122070313,39.83000183105469,39.88999938964844,3072100,39.88999938964844,40.00833384195963,-99.5949056533068,40.06949996948242,40.29624996185303,40.50460014343262,39.99270004272461,2937418.3333333335
2020-10-06,40.790000915527344,39.15999984741211,39.47000122070313,40.06999969482422,2517200,40.06999969482422,40.00666681925456,-65.24882971541658,40.14349994659424,40.37799997329712,40.458000106811525,40.06340003967285,2903096.6666666665
2020-10-07,42.18000030517578,40.93000030517578,41.15999984741211,41.68000030517578,2496300,41.68000030517578,41.59666697184245,84.0331217441817,40.227000045776364,40.499749946594235,40.4768000793457,40.14990005493164,2903698.3333333335
2020-10-08,42.13000106811523,40.9010009765625,42.099998474121094,41.52999877929688,2133100,41.52999877929688,41.52033360799154,79.69744167831881,40.34799995422363,40.61849994659424,40.4692000579834,40.216300048828124,2901521.6666666665
2020-10-09,43.099998474121094,41.290000915527344,41.75,43.04999923706055,3041400,43.04999923706055,42.47999954223633,101.47394365686182,40.5439998626709,40.75649995803833,40.482800064086916,40.281900024414064,2916623.3333333335
2020-10-12,43.9900016784668,42.61999893188477,43.90999984741211,43.47000122070313,2211300,43.47000122070313,43.36000061035156,115.86043231660686,40.7314998626709,40.91049995422363,40.515600051879886,40.34840003967285,2927736.6666666665
2020-10-13,44.79999923706055,43.16999816894531,43.47000122070313,44.38999938964844,1694100,44.38999938964844,44.11999893188477,111.4914351339154,40.924499893188475,41.06274995803833,40.575400009155274,40.43180004119873,2936331.6666666665
2020-10-14,45.18000030517578,43.349998474121094,44.68000030517578,43.709999084472656,1814000,43.709999084472656,44.07999928792319,72.5434727119401,41.15449981689453,41.18474988937378,40.619599990844726,40.49890003204346,2948765.0
2020-10-15,43.88999938964844,41.83000183105469,42.72999954223633,43.5,1453100,43.5,43.073333740234375,-42.978963513968345,41.33699989318848,41.289999866485594,40.64659996032715,40.56110004425049,2957331.6666666665
2020-10-16,43.810001373291016,42.875,43.5,42.90999984741211,900500,42.90999984741211,43.198333740234375,-57.46409846523736,41.51049995422363,41.35974988937378,40.679999923706056,40.63090003967285,2940021.6666666665
2020-10-19,44.86000061035156,43.04999923706055,43.16999816894531,43.86999893188477,2609700,43.86999893188477,43.926666259765625,37.84863274751017,41.68699989318848,41.462499904632566,40.800599899291996,40.69230003356934,2952136.6666666665
2020-10-20,44.86999893188477,43.099998474121094,44.0,43.15999984741211,1172200,43.15999984741211,43.709999084472656,20.269364904562842,41.78349990844727,41.55374994277954,40.92779991149902,40.739200019836424,2936225.0
2020-10-21,43.97999954223633,42.5,43.650001525878906,42.91999816894531,1319600,42.91999816894531,43.13333257039389,-55.89446779439866,41.91499977111816,41.62374992370606,41.04999984741211,40.78180000305176,2892638.3333333335
2020-10-22,43.150001525878906,41.310001373291016,42.7400016784668,42.61000061035156,1306800,42.61000061035156,42.35666783650717,-136.79713557308878,42.09799976348877,41.59824991226196,41.166599884033204,40.84020000457764,2848970.0
2020-10-23,43.40999984741211,42.11999893188477,42.93999862670898,43.31999969482422,1141400,43.31999969482422,42.94999949137369,-36.66856312135674,42.20499973297119,41.61424989700318,41.28239990234375,40.91110000610352,2833240.0
2020-10-26,43.25,39.540000915527344,42.79999923706055,40.310001373291016,2751200,40.310001373291016,41.03333409627279,-141.88798686391848,42.179499816894534,41.54074993133545,41.34239990234375,40.952700004577636,2858050.0
2020-10-27,41.54999923706055,40.5,41.13000106811523,40.790000915527344,2170600,40.790000915527344,40.9466667175293,-86.63419407739526,42.15799980163574,41.45474996566772,41.392199935913084,40.987600021362304,2719710.0
2020-10-28,39.9900016784668,36.060001373291016,39.02999877929688,36.11000061035156,9965800,36.11000061035156,37.38666788736979,-166.6666666666635,41.912499809265135,41.180249977111814,41.337799911499026,40.98350002288819,2791798.3333333335
2020-10-29,37.77999877929688,36.11000061035156,36.540000915527344,36.150001525878906,5518200,36.150001525878906,36.68000030517578,-93.97848402554085,41.65049991607666,40.916750049591066,41.274999923706055,40.965400047302246,2768846.6666666665
2020-10-30,36.16999816894531,34.689998626708984,36.0,35.310001373291016,4254300,35.310001373291016,35.38999938964844,-89.33566305251966,41.4375,40.75600004196167,41.17879997253418,40.93950004577637,2774695.0
2020-11-02,35.86000061035156,34.15999984741211,35.81999969482422,34.5,4188400,34.5,34.84000015258789,-86.90062591481066,41.168000030517575,40.61875,41.07360000610352,40.93010005950928,2739485.0
2020-11-03,35.88999938964844,34.424999237060554,34.689998626708984,35.380001068115234,4823100,35.380001068115234,35.231666564941406,-49.807859482690546,40.933500099182126,40.538500022888186,40.99100006103516,40.92500007629395,2724526.6666666665
2020-11-04,37.66999816894531,35.900001525878906,36.59000015258789,36.33000183105469,5545800,36.33000183105469,36.63333384195963,81.17684327838998,40.66600017547607,40.44650011062622,40.91520011901856,40.90250007629395,2727088.3333333335
2020-11-05,39.38999938964844,37.79999923706055,37.900001525878906,38.68000030517578,3687600,38.68000030517578,38.62333297729492,139.18197848359495,40.52350025177002,40.43575010299683,40.81620010375977,40.88970008850097,2724220.0
2020-11-06,39.02000045776367,36.85499954223633,38.68000030517578,36.93999862670898,2808900,36.93999862670898,37.60499954223633,54.71966558461661,40.21800022125244,40.38100004196167,40.70140007019043,40.85260005950928,2732290.0
2020-11-09,37.52999877929688,35.18000030517578,37.20000076293945,35.4900016784668,3771200,35.4900016784668,36.06666692097982,-49.7421859591946,39.819000244140625,40.27525005340576,40.546200103759766,40.80340007781982,2759261.6666666665
2020-11-10,35.75,33.830001831054695,35.220001220703125,34.360000610351555,4224000,34.360000610351555,34.64666748046875,-123.18841567538601,39.317500305175784,40.121000099182126,40.34880012512207,40.729000091552734,2787711.6666666665
2020-11-11,36.06999969482422,34.65999984741211,35.0,35.9900016784668,2383400,35.9900016784668,35.57333374023437,-48.084550693198274,38.93150043487549,40.04300012588501,40.12680015563965,40.66290012359619,2783606.6666666665
2020-11-12,36.560001373291016,35.049999237060554,36.47000122070313,35.40999984741211,2249700,35.40999984741211,35.673333485921226,-21.642300454120132,38.527000427246094,39.932000160217285,39.90120018005371,40.59040012359619,2781236.6666666665
2020-11-13,36.36000061035156,34.650001525878906,35.790000915527344,35.189998626708984,2117600,35.189998626708984,35.40000025431315,-13.372984281786295,38.14100036621094,39.82575016021728,39.770200119018554,40.518900108337405,2775466.6666666665
2020-11-16,36.09000015258789,34.814998626708984,35.2400016784668,35.970001220703125,1786700,35.970001220703125,35.625,54.575569358194116,37.74600048065186,39.716500186920165,39.689800109863285,40.46880012512207,2772100.0
2020-11-17,36.400001525878906,35.5099983215332,35.779998779296875,36.16999816894531,1669700,36.16999816894531,36.026666005452476,160.68294985884125,37.39650039672851,39.59000015258789,39.64140007019043,40.416500091552734,2766931.6666666665
2020-11-18,36.86999893188477,35.290000915527344,36.22000122070313,35.470001220703125,2110800,35.470001220703125,35.87666702270508,56.316205293185384,37.024000549316405,39.46950016021729,39.550600128173826,40.365900115966795,2772753.3333333335
2020-11-19,36.47000122070313,35.06999969482422,35.25,35.959999084472656,1727700,35.959999084472656,35.833333333333336,28.144564473039466,36.69150047302246,39.394750118255615,39.48760009765625,40.31950012207031,2742166.6666666665
2020-11-20,37.2599983215332,35.5099983215332,36.08000183105469,36.58000183105469,1878600,36.58000183105469,36.449999491373696,147.24247183548675,36.35450057983398,39.279750156402585,39.43660011291504,40.256800155639645,2749945.0
2020-11-23,37.04499816894531,35.939998626708984,36.75,36.18000030517578,2746700,36.18000030517578,36.38833236694336,74.88577144703916,36.14800052642822,39.16375017166138,39.365800094604495,40.195100173950195,2757763.3333333335
2020-11-24,36.81999969482422,35.45000076293945,36.0,36.36999893188477,2956500,36.36999893188477,36.21333312988281,17.096455106054233,35.92700042724609,39.04250011444092,39.28260009765625,40.148000144958495,2748248.3333333335
2020-11-25,38.38999938964844,36.47000122070313,36.97000122070313,38.27000045776367,2382800,38.27000045776367,37.710000356038414,166.66666666667513,36.0350004196167,38.97375011444092,39.265800094604494,40.11250015258789,2703596.6666666665
2020-11-27,39.2599983215332,38.0,39.04999923706055,38.41999816894531,1073300,38.41999816894531,38.55999883015951,116.4123495785791,36.14850025177002,38.89950008392334,39.23720008850098,40.07310012817383,2630186.6666666665
2020-11-30,39.36999893188477,37.61999893188477,38.7400016784668,38.02000045776367,2535800,38.02000045776367,38.33666610717774,65.3761789104282,36.28400020599365,38.860750102996825,39.20880012512207,40.012700119018554,2593881.6666666665
2020-12-01,38.52999877929688,37.22000122070313,37.81999969482422,38.4900016784668,2078200,38.4900016784668,38.08000055948894,30.54998630283031,36.48350028991699,38.82575016021728,39.17180015563965,39.96380012512207,2568745.0
2020-12-02,38.11999893188477,36.88000106811523,37.88999938964844,38.040000915527344,2408200,38.040000915527344,37.68000030517578,-86.63730746818605,36.616500282287596,38.775000190734865,39.10800018310547,39.949300117492676,2568196.6666666665
2020-12-03,39.38999938964844,38.20000076293945,38.2400016784668,38.650001525878906,1664400,38.650001525878906,38.7466672261556,96.92204541231457,36.73250026702881,38.69925022125244,39.0752001953125,39.92750011444092,2538205.0
2020-12-04,39.65999984741211,38.61000061035156,38.93999862670898,39.52999877929688,1356000,39.52999877929688,39.26666641235352,120.39142619649509,36.775000190734865,38.649250221252444,39.08680015563965,39.9009001159668,2527738.3333333335
2020-12-07,40.060001373291016,39.33000183105469,39.86999893188477,39.560001373291016,821600,39.560001373291016,39.650001525878906,99.97247223797415,36.90600032806397,38.5620002746582,39.05440017700195,39.892100143432614,2502918.3333333335
2020-12-08,41.11000061035156,39.349998474121094,39.47999954223633,40.7599983215332,1516600,40.7599983215332,40.40666580200195,111.80300591867004,37.16950016021728,38.494250202178954,39.05320014953613,39.883300132751465,2488133.3333333335
2020-12-09,40.25,37.959999084472656,40.25,38.65999984741211,5582400,38.65999984741211,38.95666631062826,-60.014311743315886,37.384500122070314,38.351000213623045,39.002000122070314,39.83520011901855,2547038.3333333335
2020-12-10,39.5,37.90999984741211,38.5,38.709999084472656,2599700,38.709999084472656,38.70666631062826,-91.21322411442564,37.5204999923706,38.226000213623045,38.95580009460449,39.79200012207031,2553080.0
2020-12-11,39.43999862670898,38.47000122070313,38.959999084472656,39.09000015258789,2295500,39.09000015258789,39.0,-41.88989509556074,37.70450000762939,38.11575021743774,38.90980010986328,39.75130012512207,2526821.6666666665
2020-12-14,39.22000122070313,38.0,39.06999969482422,38.45000076293945,3027200,38.45000076293945,38.55666732788086,-73.96801831795828,37.867500114440915,38.00425024032593,38.88740013122558,39.70990013122559,2531250.0
2020-12-15,39.9900016784668,38.38999938964844,39.04999923706055,39.47999954223633,2279200,39.47999954223633,39.28666687011719,119.07715719893885,38.043000030517575,37.89450025558472,38.87920013427734,39.69190013885498,2542126.6666666665
2020-12-16,43.349998474121094,39.40499877929688,39.63000106811523,42.75,5211500,42.75,41.834999084472656,166.66666666667044,38.37200012207031,37.884250259399415,38.93280014038086,39.695400123596194,2599955.0
2020-12-17,43.95000076293945,42.2599983215332,43.5,43.7400016784668,3179500,43.7400016784668,43.31666692097983,111.69387405058005,38.7855001449585,37.90475034713745,38.97400016784668,39.72540012359619,2618141.6666666665
2020-12-18,44.70000076293945,43.72200012207031,44.0,44.11999893188477,3299000,44.11999893188477,44.1806666056315,91.02745494110512,39.1935001373291,37.942500305175784,39.025800170898435,39.74750011444092,2643490.0
2020-12-21,44.45000076293945,43.0620002746582,43.45000076293945,44.09000015258789,1584500,44.09000015258789,43.86733373006186,58.960066323747576,39.56900005340576,37.96175031661987,39.04660018920899,39.76470012664795,2638020.0
2020-12-22,45.06999969482422,43.75,44.27000045776367,44.5099983215332,1728500,44.5099983215332,44.44333267211914,80.00671216507949,39.985499954223634,38.06675024032593,39.06740013122558,39.791500091552734,2643298.3333333335
2020-12-23,44.7599983215332,43.5890007019043,44.70000076293945,43.900001525878906,1266800,43.900001525878906,44.08300018310547,22.6135514817847,40.36200008392334,38.14450025558472,39.05760017395019,39.81650009155273,2635310.0
2020-12-24,44.040000915527344,43.08000183105469,43.5,43.18000030517578,649100,43.18000030517578,43.43333435058594,-134.82346679602935,40.607500076293945,38.32125024795532,39.04700019836426,39.83330009460449,2609891.6666666665
2020-12-28,44.0,41.47000122070313,43.97000122070313,41.54999923706055,1599100,41.54999923706055,42.34000015258789,-144.33986933891262,40.76400012969971,38.45625019073486,39.008000183105466,39.82730007171631,2603416.6666666665
2020-12-29,42.75500106811523,41.18999862670898,41.79999923706055,41.88000106811523,1511600,41.88000106811523,41.94166692097981,-98.32043702394304,40.957000160217284,38.62050018310547,38.98740020751953,39.833700065612796,2597830.0
2020-12-30,44.08000183105469,42.25,42.400001525878906,43.68999862670898,1836100,43.68999862670898,43.34000015258789,29.35756759545089,41.217000007629395,38.85025014877319,38.98380020141602,39.892200050354006,2577230.0
2020-12-31,43.900001525878906,42.72999954223633,43.43999862670898,43.27000045776367,1185500,43.27000045776367,43.30000050862631,48.9614204566703,41.47849998474121,39.047500133514404,38.98600021362304,39.95690006256103,2555035.0
2021-01-04,43.7400016784668,41.02000045776367,43.58000183105469,42.06999969482422,1815600,42.06999969482422,42.27666727701823,-44.463464974959614,41.64949989318848,39.191000080108644,38.969000244140624,40.00950004577637,2543690.0
2021-01-05,41.88000106811523,40.66999816894531,41.849998474121094,41.22999954223633,1432800,41.22999954223633,41.25999959309896,-108.18772393964932,41.73449993133545,39.25475006103515,38.94140022277832,40.05400005340576,2532018.3333333335
2021-01-06,40.47000122070313,39.11999893188477,40.31999969482422,39.97000122070313,3053600,39.97000122070313,39.853333791097015,-123.77335086970436,41.75499992370605,39.33050012588501,38.874400253295896,40.07840007781982,2532221.6666666665
2021-01-07,41.29499816894531,40.04999923706055,40.11000061035156,41.18000030517578,1546500,41.18000030517578,40.84166590372721,-43.2051003058667,41.776000022888184,39.47275009155273,38.891800231933594,40.11710006713867,2521141.6666666665
2021-01-08,42.58200073242188,41.4900016784668,41.4900016784668,42.27000045776367,2172900,42.27000045776367,42.11400095621745,76.01551980993987,41.95650005340576,39.670500087738034,38.92140022277832,40.1568000793457,2529121.6666666665
2021-01-11,42.77399826049805,41.11999893188477,41.86999893188477,42.02000045776367,2002200,42.02000045776367,41.97133255004883,73.91117785883414,42.12200012207031,39.82125005722046,39.039600219726566,40.18870006561279,2532258.3333333335
2021-01-12,43.05500030517578,41.88000106811523,42.27000045776367,42.900001525878906,2010900,42.900001525878906,42.61166763305664,83.50776270679462,42.312500190734866,40.00850009918213,39.174600219726564,40.22480007171631,2541555.0
2021-01-13,44.17399978637695,42.959999084472656,43.38000106811523,43.66999816894531,2528400,43.66999816894531,43.60133234659831,130.2724619372299,42.573500061035155,40.22050008773804,39.341800155639646,40.26030006408691,2568686.6666666665
2021-01-14,44.22999954223633,42.310001373291016,43.5,42.5,2343900,42.5,43.013333638509124,45.34889520576827,42.72450008392334,40.38375005722046,39.50180015563965,40.28770008087158,2564256.6666666665
2021-01-15,43.75,42.15999984741211,43.20000076293945,43.29999923706055,1698900,43.29999923706055,43.06999969482422,32.095756387778806,42.75200004577637,40.56200008392334,39.660200119018555,40.32560009002685,2573035.0
2021-01-19,44.15999984741211,43.099998474121094,43.77000045776367,43.79999923706055,1479600,43.79999923706055,43.68666585286459,91.28051390971324,42.75499992370605,40.77025003433228,39.809600067138675,40.36240009307861,2575701.6666666665
2021-01-20,48.20000076293945,44.68000030517578,44.68000030517578,47.29999923706055,4183700,47.29999923706055,46.72666676839194,166.66666666667015,42.91399993896484,41.05375003814697,39.98200004577637,40.399100074768064,2623650.0
2021-01-21,47.72000122070313,45.86000061035156,47.29999923706055,46.0099983215332,2439000,46.0099983215332,46.53000005086264,79.28269283950813,43.00999984741211,41.28949995040894,40.16340003967285,40.43240005493164,2645276.6666666665
2021-01-22,46.26800155639648,45.02000045776367,45.77000045776367,45.06999969482422,1751300,45.06999969482422,45.45266723632813,17.468180958050358,43.03799991607666,41.51174993515015,40.355,40.45060005187988,2628611.6666666665
2021-01-25,45.81999969482422,41.83000183105469,45.54999923706055,44.38999938964844,2894400,44.38999938964844,44.013333638509124,-73.82745179530274,43.062499809265134,41.71224994659424,40.555599975585935,40.452200050354,2640675.0
2021-01-26,44.54499816894531,43.34000015258789,44.5,43.52999877929688,1758500,43.52999877929688,43.80499903361002,-89.54989995122045,43.07999973297119,41.84374990463257,40.70639991760254,40.41660003662109,2503886.6666666665
2021-01-27,42.68000030517578,39.81999969482422,42.29999923706055,40.08000183105469,4589100,40.08000183105469,40.86000061035156,-146.67224683666046,43.0064998626709,41.8852499961853,40.79979995727539,40.35050006866455,2488401.6666666665
2021-01-28,43.47000122070313,41.099998474121094,42.22000122070313,42.63999938964844,2066200,42.63999938964844,42.40333302815755,-44.94656063402322,43.04449977874756,42.00074996948242,40.94879997253418,40.359500045776365,2451933.3333333335
2021-01-29,42.29999923706055,40.7400016784668,41.97000122070313,41.5099983215332,2350800,41.5099983215332,41.51666641235352,-60.15354940467244,42.93549976348877,42.07624988555908,41.05959991455078,40.37470001220703,2421306.6666666665
2021-02-01,42.76499938964844,41.39099884033203,42.0,42.38000106811523,1565200,42.38000106811523,42.17866643269857,2.2408872730514675,42.89099979400635,42.18474988937378,41.18379997253418,40.4126000213623,2367008.3333333335
2021-02-02,44.22000122070313,43.02000045776367,43.15999984741211,44.02000045776367,2798800,44.02000045776367,43.753334045410156,140.70767779742684,42.98849983215332,42.3189998626709,41.35479995727539,40.45270004272461,2321225.0
2021-02-03,52.47999954223633,47.72100067138672,48.54999923706055,50.11999893188477,9316900,50.11999893188477,50.10699971516928,166.66666666666794,43.432999801635745,42.5837498664856,41.63799995422363,40.56280002593994,2415046.6666666665
2021-02-04,53.16999816894531,50.27999877929688,51.0,51.75,3861700,51.75,51.73333231608072,96.71914053799057,44.021999740600585,42.88849983215332,41.94139991760254,40.68900001525879,2432593.3333333335
2021-02-05,55.70000076293945,52.0,52.2400016784668,55.459999084472656,3750200,55.459999084472656,54.386666615804046,90.7898087782068,44.73599967956543,43.255999851226804,42.32699989318848,40.84639999389648,2432243.3333333335
2021-02-08,56.62300109863281,54.56000137329102,55.88000106811523,56.11000061035156,2612000,56.11000061035156,55.764334360758454,91.16805660503893,45.42799968719483,43.692249870300294,42.72179992675781,41.002200012207034,2405376.6666666665
2021-02-09,56.77000045776367,54.959999084472656,56.13000106811523,55.15999984741211,2761700,55.15999984741211,55.62999979654947,67.3851744933645,46.08499965667725,44.10349988937378,43.05959991455078,41.16270000457764,2411681.6666666665
2021-02-10,56.20000076293945,53.00400161743164,55.5,54.47999954223633,1428000,54.47999954223633,54.56133397420248,8.990535700398441,46.66399955749512,44.48824987411499,43.3807999420166,41.30900001525879,2397986.6666666665
2021-02-11,55.29499816894531,53.25,55.0,54.0,1319800,54.0,54.181666056315095,-76.05210919852428,47.18049964904785,44.876999855041504,43.70039993286133,41.4546000289917,2384690.0
2021-02-12,54.099998474121094,52.52000045776367,53.75,53.52999877929688,1960500,53.52999877929688,53.38333257039389,-110.83886556625528,47.7319995880127,45.228249835968015,44.001199874877926,41.58650001525879,2387586.6666666665
2021-02-16,53.790000915527344,52.0099983215332,53.52999877929688,52.97000122070313,1820800,52.97000122070313,52.92333348592122,-102.83936388765385,48.21549968719482,45.483749866485596,44.299799880981446,41.70390003204346,2390105.0
2021-02-17,52.75,51.183998107910156,51.5099983215332,52.5,1644800,52.5,52.14466603597005,-115.64030446489795,48.650499725341795,45.70274982452393,44.576799850463864,41.82600002288818,2382338.3333333335
2021-02-18,53.45000076293945,50.31999969482422,51.2599983215332,52.9900016784668,2372200,52.9900016784668,52.253334045410156,-74.91956843274089,48.93499984741211,45.924499893188475,44.84599990844727,41.96640003204346,2393080.0
2021-02-19,54.81999969482422,52.41999816894531,53.47000122070313,52.88000106811523,2214700,52.88000106811523,53.37333297729492,75.37752070575065,49.27849998474121,46.14424991607666,45.11239990234375,42.08340003967285,2398681.6666666665
2021-02-22,53.20000076293945,50.15999984741211,52.02999877929688,50.4900016784668,2570000,50.4900016784668,51.283334096272796,-123.13638867331244,49.54950008392334,46.29375,45.30699996948242,42.18010005950928,2395736.6666666665
2021-02-23,51.15999984741211,46.15999984741211,48.08000183105469,50.63000106811523,2739000,50.63000106811523,49.31666692097983,-142.96112544763295,49.86150016784668,46.46199998855591,45.546399993896486,42.2742000579834,2392111.6666666665
2021-02-24,52.18000030517578,49.56000137329102,50.72000122070313,51.86000061035156,1339300,51.86000061035156,51.20000076293945,-17.904935441052245,50.27800025939941,46.678999996185304,45.80940002441406,42.38260005950928,2374720.0
2021-02-25,51.97999954223633,49.70000076293945,51.97999954223633,50.06000137329102,9837900,50.06000137329102,50.58000055948892,-39.552710613695616,50.77700023651123,46.89175004959107,46.028800048828124,42.4693000793457,2520796.6666666665
2021-02-26,50.95000076293945,48.11999893188477,50.459999084472656,49.7599983215332,2966900,49.7599983215332,49.60999933878581,-70.25682439060773,51.133000183105466,47.088749980926515,46.255,42.57120006561279,2527981.6666666665
2021-03-01,53.36000061035156,50.040000915527344,50.709999084472656,53.349998474121094,2414700,53.349998474121094,52.25,121.92488924836613,51.72500019073486,47.33024997711182,46.5323999786377,42.70580005645752,2533590.0
2021-03-02,53.77999877929688,51.54999923706055,53.6500015258789,52.2599983215332,2981800,52.2599983215332,52.52999877929688,93.42556588917431,52.219000053405765,47.554999923706056,46.72259994506836,42.82770004272461,2543150.0
2021-03-03,52.91999816894531,50.0,52.79999923706055,50.459999084472656,1992900,50.459999084472656,51.12666575113931,-6.596465510146753,52.54099998474121,47.764749908447264,46.85699989318848,42.91550003051758,2548625.0
2021-03-04,51.45000076293945,46.849998474121094,49.52000045776367,48.11999893188477,3492400,48.11999893188477,48.806666056315095,-103.54195943195671,52.44099998474121,47.93699989318848,46.93699989318848,42.98140003204346,2584231.6666666665
2021-03-05,50.29999923706055,45.58000183105469,49.0,49.93000030517578,3687900,49.93000030517578,48.603333791097015,-87.65955258494475,52.35,48.18599987030029,47.053799896240236,43.05020004272461,2632003.3333333335
2021-03-08,51.18999862670898,47.5,50.0,47.88000106811523,1990300,47.88000106811523,48.856666564941406,-50.98535457407333,51.97100009918213,48.35349988937378,47.121199951171874,43.09430004119873,2639898.3333333335
2021-03-09,51.39500045776367,49.34000015258789,49.77000045776367,50.849998474121094,2189900,50.849998474121094,50.52833302815755,63.279275324283326,51.7079999923706,48.567999839782715,47.26019989013672,43.158900032043455,2583356.6666666665
2021-03-10,52.97000122070313,50.459999084472656,51.72000122070313,51.099998474121094,1758400,51.099998474121094,51.50999959309897,113.44950349478779,51.50499992370605,48.79499979019165,47.41859985351562,43.232800025939945,2569335.0
2021-03-11,54.40999984741211,52.0,52.72000122070313,54.11000061035156,2003900,54.11000061035156,53.50666681925456,126.95154629803045,51.48649997711182,49.07524976730347,47.669799880981444,43.338900032043455,2564475.0
2021-03-12,53.47000122070313,51.36999893188477,53.47000122070313,52.7599983215332,1612200,52.7599983215332,52.53333282470703,56.37518832105664,51.424499893188475,49.302499771118164,47.8873998260498,43.437400016784665,2540891.6666666665
2021-03-15,54.349998474121094,51.75,52.099998474121094,54.27000045776367,1576200,54.27000045776367,53.456666310628265,74.39281298634282,51.461499977111814,49.596749782562256,48.0989998626709,43.541400032043455,2529175.0
2021-03-16,56.93999862670898,53.68000030517578,55.0,54.38000106811523,2332200,54.38000106811523,55.0,127.0603654793306,51.53199996948242,49.873749828338624,48.32119987487793,43.65360004425049,2481186.6666666665
2021-03-17,55.22000122070313,51.93999862670898,53.4900016784668,54.25,1827700,54.25,53.8033332824707,16.10487758253057,51.61949996948242,50.13499984741211,48.56479988098145,43.766900062561035,2458656.6666666665
2021-03-18,53.2599983215332,49.63999938964844,53.13999938964844,50.09000015258789,2332900,50.09000015258789,50.996665954589844,-129.29727673816996,51.47449989318848,50.20474987030029,48.74199989318848,43.841700057983395,2442555.0
2021-03-19,51.43999862670898,48.959999084472656,50.06999969482422,50.9000015258789,2778500,50.9000015258789,50.43333307902017,-94.93600299677895,51.37549991607666,50.32699995040893,48.96059989929199,43.91750007629395,2462455.0
2021-03-22,53.61999893188477,51.45000076293945,53.11999893188477,51.7599983215332,2592900,51.7599983215332,52.27666600545248,-9.884787772049775,51.43899974822998,50.49424991607666,49.17219985961914,44.032000045776364,2476861.6666666665
2021-03-23,52.22000122070313,50.459999084472656,51.86000061035156,50.599998474121094,1906600,50.599998474121094,51.09333292643228,-39.62438694662846,51.437499618530275,50.64949989318848,49.33879981994629,44.1301000213623,2487525.0
2021-03-24,51.36999893188477,47.93000030517578,51.36000061035156,48.040000915527344,2036500,48.040000915527344,49.113333384195954,-137.8247501359947,51.246499633789064,50.76224994659424,49.459199829101564,44.249400024414065,2510648.3333333335
2021-03-25,48.19300079345703,45.91999816894531,46.20000076293945,47.97999954223633,2780700,47.97999954223633,47.36433283487956,-123.43257662093158,51.14249954223633,50.95974988937378,49.560799789428714,44.367700004577635,2530341.6666666665
2021-03-26,48.41999816894531,46.52000045776367,47.86000061035156,47.33000183105469,1673500,47.33000183105469,47.42333348592122,-75.86465540980052,51.0209997177124,51.07699995040893,49.6339998626709,44.487900009155275,2533040.0
2021-03-29,47.5,46.16999816894531,47.2599983215332,46.75,2655500,46.75,46.806666056315095,-74.26920899077172,50.690999794006345,51.2079999923706,49.7189998626709,44.61040000915527,2546696.6666666665
2021-03-30,47.20000076293945,45.5099983215332,46.31000137329102,46.72000122070313,1912600,46.72000122070313,46.47666676839194,-95.4586646877415,50.41399993896484,51.3164999961853,49.78739990234375,44.72380001068115,2558815.0
2021-03-31,49.0,46.97999954223633,47.20000076293945,48.2400016784668,1850900,48.2400016784668,48.07333374023438,119.84373951099406,50.30300006866455,51.42200002670288,49.87619995117188,44.84290000915527,2559403.3333333335
2021-04-01,50.59000015258789,49.16999816894531,49.27999877929688,49.54999923706055,1651800,49.54999923706055,49.76999918619792,141.6780897702376,50.37450008392334,51.407750034332274,49.92119995117187,44.95159999847412,2563053.3333333335
2021-04-05,50.59000015258789,49.11999893188477,50.29999923706055,49.9000015258789,1805900,49.9000015258789,49.87000020345053,85.90431819798607,50.373000144958496,51.361500072479245,49.99900001525879,45.08120002746582,2542258.3333333335
2021-04-06,51.43999862670898,49.0099983215332,49.459999084472656,50.63000106811523,1861500,50.63000106811523,50.35999933878581,73.90417187736584,50.5105001449585,51.24075012207031,50.11020004272461,45.2326000213623,2547508.3333333335
2021-04-07,50.7400016784668,49.65999984741211,50.11999893188477,49.849998474121094,1462100,49.849998474121094,50.08333333333334,48.35262528368838,50.460500144958495,51.08425006866455,50.219400024414064,45.3875,2535661.6666666665
2021-04-08,52.959999084472656,50.72999954223633,51.06000137329102,52.5099983215332,1693600,52.5099983215332,52.06666564941406,166.66666666666598,50.5310001373291,51.01800003051758,50.39900001525879,45.552699966430666,2530518.3333333335
2021-04-09,53.27999877929688,50.93000030517578,52.0,52.88999938964844,1314000,52.88999938964844,52.366666158040374,93.19658278477405,50.47000007629394,50.97825002670288,50.655199966430665,45.72749996185303,2518903.3333333335
2021-04-12,53.63000106811523,52.33000183105469,52.540000915527344,53.0099983215332,1237700,53.0099983215332,52.99000040690103,87.34078028732466,50.482500076293945,50.953499984741214,50.86259994506836,45.90569995880127,2497391.6666666665
2021-04-13,54.56999969482422,52.709999084472656,53.58000183105469,54.540000915527344,972700,54.540000915527344,53.93999989827475,113.27658863310577,50.496000099182126,50.97875003814697,51.123199996948244,46.09139995574951,2474538.3333333335
2021-04-14,56.1349983215332,53.91999816894531,54.97999954223633,54.13999938964844,1317500,54.13999938964844,54.73166529337564,112.86868440528723,50.484000015258786,51.00799999237061,51.35839996337891,46.271099967956545,2468181.6666666665
2021-04-15,55.03499984741211,53.63000106811523,54.93999862670898,54.25,1028400,54.25,54.30500030517578,53.82243037307629,50.484000015258786,51.0517499923706,51.562999954223635,46.45889995574951,2460661.6666666665
2021-04-16,54.22000122070313,52.20000076293945,54.13999938964844,53.11000061035156,1004800,53.11000061035156,53.17666753133139,-72.89799799313066,50.63500003814697,51.054749965667725,51.622799987792966,46.6303999710083,2407680.0
2021-04-19,53.56000137329102,51.81000137329102,53.18000030517578,52.290000915527344,1215200,52.290000915527344,52.55333455403647,-112.97072343939985,50.70450000762939,51.03999996185303,51.633600006103514,46.78749996185303,2387283.3333333335
2021-04-20,52.25,51.0099983215332,52.02999877929688,51.01499938964844,205404,51.01499938964844,51.42499923706055,-118.05566248523327,50.667250061035155,51.05312490463257,51.54470001220703,46.93584995269775,2361518.4
