Date,High,Low,Open,Close,Volume,Adj Close,TP,CCI,20SMA,40SMA,50SMA,100SMA,60VMA
2018-01-02,50.9000015258789,48.9000015258789,49.099998474121094,50.0,366600.0,48.7841911315918,49.93333435058594,,,,,,
2018-01-03,50.25,49.0,50.25,49.75,245400.0,48.54026412963867,49.66666666666666,,,,,,
2018-01-04,51.349998474121094,49.6500015258789,50.0,51.04999923706055,142700.0,49.80865097045898,50.68333307902017,,,,,,
2018-01-05,51.45000076293945,50.349998474121094,51.099998474121094,51.04999923706055,116200.0,49.80865097045898,50.9499994913737,,,,,,
2018-01-08,51.29999923706055,50.599998474121094,51.20000076293945,50.75,124400.0,49.51595306396485,50.88333257039389,61.49729802212246,,,,,
2018-01-09,51.349998474121094,50.29999923706055,50.75,50.75,91000.0,49.51595306396485,50.79999923706055,36.43962871720221,,,,,
2018-01-10,50.95000076293945,50.54999923706055,50.6500015258789,50.849998474121094,108700.0,49.6135139465332,50.78333282470703,-31.609176502674565,,,,,
2018-01-11,53.04999923706055,50.72999954223633,51.0,52.95000076293945,127700.0,51.66246032714844,52.24333318074545,166.66666666666617,,,,,
2018-01-12,53.6500015258789,52.5,53.29999923706055,52.70000076293945,90400.0,51.41853332519531,52.95000076293945,110.989375544515,,,,,
2018-01-16,53.40999984741211,52.0,52.5,52.75,129700.0,51.46731567382813,52.71999994913736,61.741377722322426,,,,,
2018-01-17,53.6500015258789,52.599998474121094,52.95000076293945,53.4000015258789,86500.0,52.10151672363281,53.21666717529297,79.94631635437916,,,,,
2018-01-18,53.45000076293945,52.04999923706055,53.25,52.79999923706055,73200.0,51.516090393066406,52.76666641235352,-3.4723311486731583,,,,,
2018-01-19,53.93000030517578,52.75,52.75,53.70000076293945,185600.0,52.39422607421875,53.46000035603842,115.45226830694179,,,,,
2018-01-22,53.6500015258789,53.02999877929688,53.6500015258789,53.4000015258789,53900.0,52.10151672363281,53.36000061035156,58.886862675265895,,,,,
2018-01-23,53.209999084472656,52.1500015258789,53.20000076293945,52.349998474121094,72500.0,51.07704162597656,52.56999969482422,-103.50011896793396,,,,,
2018-01-24,52.6500015258789,50.95000076293945,52.45000076293945,51.0,131900.0,49.7598762512207,51.533334096272796,-146.26834977753788,,,,,
2018-01-25,51.90999984741211,49.95000076293945,51.4000015258789,50.349998474121094,217400.0,49.12567520141602,50.736666361490876,-111.0647360821188,,,,,
2018-01-26,50.72999954223633,49.79999923706055,50.70000076293945,50.5,122900.0,49.27203369140625,50.34333292643228,-90.56339367214524,,,,,
2018-01-29,51.349998474121094,50.25,50.599998474121094,50.79999923706055,78800.0,49.564735412597656,50.79999923706055,-38.661503467854416,,,,,
2018-01-30,51.04999923706055,49.4000015258789,50.54999923706055,50.20000076293945,151500.0,48.97932434082031,50.21666717529297,-95.16683269251587,51.554999923706056,,,,
2018-01-31,50.45000076293945,49.6500015258789,50.4000015258789,49.70000076293945,82300.0,48.49148941040039,49.93333435058594,-108.70891663722095,51.53999996185303,,,,
2018-02-01,50.25,49.1500015258789,49.70000076293945,49.45000076293945,118000.0,48.24756240844727,49.61666742960611,-115.7521948604314,51.525,,,,
2018-02-02,49.4000015258789,48.4000015258789,49.4000015258789,48.45000076293945,168700.0,47.27188110351562,48.750001271565765,-136.43791307994698,51.39500007629395,,,,
2018-02-05,49.29999923706055,47.75,48.1500015258789,47.9000015258789,124200.0,46.73525619506836,48.31666692097983,-105.00005086263224,51.23750019073486,,,,
2018-02-06,48.849998474121094,46.75,48.1500015258789,48.54999923706055,108100.0,47.36944580078125,48.04999923706055,-87.45883213310344,51.12750015258789,,,,
2018-02-07,48.45000076293945,47.20000076293945,48.29999923706055,47.349998474121094,90000.0,46.19862365722656,47.66666666666666,-96.36644728262795,50.95750007629395,,,,
2018-02-08,47.5,45.54999923706055,47.45000076293945,45.54999923706055,141600.0,44.44239044189453,46.1999994913737,-154.11840364451513,50.69250011444092,,,,
2018-02-09,46.4000015258789,44.95000076293945,45.95000076293945,45.95000076293945,137000.0,44.83266830444336,45.76666768391928,-98.17346682756187,50.34250011444092,,,,
2018-02-12,46.75,45.599998474121094,46.099998474121094,46.29999923706055,81600.0,45.17415237426758,46.216665903727204,-43.53431111449884,50.02250003814697,,,,
2018-02-13,46.25,45.849998474121094,46.1500015258789,46.099998474121094,64400.0,44.97902297973633,46.06666564941406,-41.12563205888529,49.689999961853026,,,,
2018-02-14,47.20000076293945,45.6500015258789,45.6500015258789,47.04999923706055,121900.0,45.905921936035156,46.633333841959626,146.3678191949704,49.37249984741211,,,,
2018-02-15,51.95000076293945,48.88000106811523,49.6500015258789,51.9000015258789,202500.0,50.63798904418945,50.910001118977874,166.6666666666648,49.32749996185303,,,,
2018-02-16,51.9000015258789,49.95000076293945,51.099998474121094,49.95000076293945,135800.0,48.73540878295898,50.600001017252595,78.4950264632913,49.13999996185303,,,,
2018-02-20,51.29999923706055,49.75,49.849998474121094,50.79999923706055,133200.0,49.6641616821289,50.616666158040374,52.61701182231694,49.00999984741211,,,,
2018-02-21,52.70000076293945,50.9000015258789,50.9000015258789,51.599998474121094,100200.0,50.4462776184082,51.73333358764648,78.61997197320109,48.97249984741211,,,,
2018-02-22,52.25,51.1500015258789,51.75,51.54999923706055,66100.0,50.39739227294922,51.65000025431314,77.4448823883917,48.999999809265134,,,,
2018-02-23,52.9000015258789,51.1500015258789,51.849998474121094,52.04999923706055,87600.0,50.8862190246582,52.033334096272796,81.97992731954737,49.08499984741211,,,,
2018-02-26,52.75,51.6500015258789,52.20000076293945,52.70000076293945,59400.0,51.52167892456055,52.36666742960611,104.67478374675731,49.194999885559085,,,,
2018-02-27,52.6500015258789,51.54999923706055,52.54999923706055,51.6500015258789,88400.0,50.49516296386719,51.95000076293945,1.0893898020678001,49.2375,,,,
2018-02-28,52.0,50.4000015258789,51.9000015258789,50.4000015258789,94900.0,49.27309799194336,50.93333435058594,-143.65873680708884,49.247500038146974,50.401249980926515,,,
2018-03-01,50.9000015258789,49.849998474121094,50.349998474121094,50.349998474121094,85500.0,49.2242202758789,50.366666158040374,-110.1642043575046,49.27999992370606,50.40999994277954,,,
2018-03-02,51.04999923706055,49.20000076293945,49.9000015258789,50.70000076293945,99900.0,49.5663948059082,50.31666692097983,-74.61405919431569,49.34249992370606,50.433749961853025,,,
2018-03-05,51.5,50.099998474121094,50.4000015258789,51.25,72700.0,50.10411071777344,50.9499994913737,6.923728059553082,49.48249988555908,50.43874998092652,,,
2018-03-06,52.29999923706055,51.0,51.25,51.79999923706055,64200.0,50.64180374145508,51.6999994913737,137.89349880418234,49.677499771118164,50.457499980926514,,,
2018-03-07,53.79999923706055,50.959999084472656,51.349998474121094,53.54999923706055,139000.0,52.3526725769043,52.76999918619792,127.28666690066729,49.927499771118164,50.527499961853025,,,
2018-03-08,53.70000076293945,52.45000076293945,53.70000076293945,53.0,108200.0,51.81497192382813,53.0500005086263,93.45483809048572,50.20999984741211,50.58374996185303,,,
2018-03-09,54.04999923706055,52.93000030517578,53.25,53.70000076293945,109300.0,52.49932861328125,53.56000010172525,88.9608436262255,50.617499923706056,50.65500001907348,,,
2018-03-12,54.29999923706055,53.25,53.70000076293945,53.25,116600.0,52.05939102172852,53.59999974568686,78.93479502228024,50.98249988555908,50.6625,,,
2018-03-13,54.4000015258789,53.20000076293945,53.5,53.5,107300.0,52.303794860839844,53.70000076293945,71.20510942324414,51.34249992370606,50.682499980926515,,,
2018-03-14,54.9000015258789,52.75,53.79999923706055,53.0,105900.0,51.81497192382813,53.5500005086263,21.870364680593923,51.6875,50.68874998092652,50.80299995422363,,
2018-03-15,53.70000076293945,52.45000076293945,53.1500015258789,53.29999923706055,189700.0,52.1082649230957,53.15000025431314,-166.66666666668957,52.0,50.68624992370606,50.86899993896484,,
2018-03-16,55.349998474121094,53.29999923706055,53.29999923706055,54.20000076293945,355400.0,52.988136291503906,54.28333282470703,155.88707786701298,52.11499996185303,50.721249961853026,50.95799995422363,,
2018-03-19,54.4000015258789,53.45000076293945,54.099998474121094,54.25,107200.0,53.03702163696289,54.033334096272796,58.23304555077073,52.329999923706055,50.73499994277954,51.02199996948242,,
2018-03-20,54.27999877929688,52.95000076293945,54.25,52.95000076293945,124500.0,51.76609420776367,53.393333435058594,-50.50154781351355,52.4375,50.72374992370605,51.06,,
2018-03-21,53.9000015258789,52.04999923706055,52.9000015258789,53.29999923706055,80400.0,52.1082649230957,53.08333333333334,-73.92238895433339,52.52250003814697,50.74749994277954,51.11099998474121,,
2018-03-22,53.54999923706055,51.79999923706055,52.75,51.79999923706055,98200.0,50.64180374145508,52.38333257039389,-121.25407770032896,52.535000038146975,50.767499923706055,51.13199996948242,,
2018-03-23,52.099998474121094,51.04999923706055,52.099998474121094,51.1500015258789,171000.0,50.0063362121582,51.43333307902017,-124.69518533449488,52.49000015258789,50.7875,51.13800003051758,,
2018-03-26,52.349998474121094,51.0,51.70000076293945,52.1500015258789,165300.0,50.98397827148438,51.83333333333334,-60.68057057469761,52.462500190734865,50.82875003814697,51.12200004577637,,
2018-03-27,52.20000076293945,50.4000015258789,52.20000076293945,50.6500015258789,86900.0,49.51751708984375,51.08333460489909,-95.23801660071743,52.41250019073486,50.82500009536743,51.081000061035155,,
2018-03-28,50.79999923706055,48.6500015258789,50.45000076293945,48.95000076293945,178700.0,47.85552978515625,49.46666717529297,-153.1376798426933,52.34000015258789,50.79375009536743,51.005000076293946,,124813.33333333333
2018-03-29,51.349998474121094,49.0,49.0,51.04999923706055,266600.0,49.9085693359375,50.466665903727204,-36.51692817813594,52.375000190734866,50.82750005722046,50.95800003051758,,123146.66666666667
2018-04-02,51.349998474121094,50.29999923706055,51.04999923706055,50.70000076293945,188900.0,49.5663948059082,50.78333282470703,6.2133814966546,52.375000190734866,50.85875005722046,50.916000061035156,,122205.0
2018-04-03,51.75,50.54999923706055,51.0,51.5,108500.0,50.3485107421875,51.26666641235352,84.1923773586557,52.38750019073486,50.935000038146974,50.87200004577637,,121635.0
2018-04-04,52.20000076293945,50.5,50.79999923706055,52.04999923706055,121000.0,50.8862190246582,51.58333333333334,97.09824691367837,52.400000190734865,51.03874998092651,50.845,,121715.0
2018-04-05,53.349998474121094,52.45000076293945,52.45000076293945,53.04999923706055,152200.0,51.86385726928711,52.9499994913737,149.8054108922936,52.375000190734866,51.151249980926515,50.859000015258786,,122178.33333333333
2018-04-06,53.25,50.6500015258789,52.6500015258789,51.25,125700.0,50.10411071777344,51.71666717529297,7.0132815642451165,52.28750019073486,51.24875001907348,50.86400001525879,,122756.66666666667
2018-04-09,53.0,51.04999923706055,51.6500015258789,52.25,173800.0,51.08174514770508,52.09999974568686,24.469057648161694,52.21500015258789,51.41625003814697,50.90200004577637,,123841.66666666667
2018-04-10,53.349998474121094,52.70000076293945,53.04999923706055,53.04999923706055,120000.0,51.86385726928711,53.03333282470703,88.18959060778391,52.20500011444092,51.59375,50.95300003051758,,123713.33333333333
2018-04-11,53.25,52.0,53.04999923706055,52.45000076293945,107900.0,51.27726364135742,52.56666692097983,13.766036457410788,52.15250015258789,51.747500038146974,50.986000061035156,,124005.0
2018-04-12,53.0,51.9000015258789,52.79999923706055,52.54999923706055,63100.0,51.37503051757813,52.48333358764648,18.256811572158686,52.13000011444092,51.90875005722046,51.03300003051758,,122895.0
2018-04-13,53.4000015258789,52.4000015258789,52.95000076293945,52.599998474121094,104700.0,51.42391967773438,52.8000005086263,52.951516514583524,52.09500007629394,52.04750003814697,51.09099998474121,,123198.33333333333
2018-04-16,53.349998474121094,52.45000076293945,53.0,53.0,225000.0,51.81497192382813,52.93333307902017,59.44050347642738,52.035000038146975,52.075,51.16199996948242,,125728.33333333333
2018-04-17,54.9000015258789,53.27999877929688,53.29999923706055,54.4000015258789,168100.0,53.18367385864258,54.193333943684905,166.66666666665975,52.04250011444092,52.18625001907348,51.280999984741214,,125436.66666666667
2018-04-18,55.349998474121094,54.45000076293945,54.70000076293945,54.599998474121094,109600.0,53.37919616699219,54.79999923706055,107.30083405320637,52.125,52.28125,51.414999923706056,,126365.0
2018-04-19,54.95000076293945,53.849998474121094,54.4000015258789,54.5,54400.0,53.28143692016602,54.43333307902017,51.91067055916362,52.185000038146974,52.35375003814697,51.53399993896485,,126063.33333333333
2018-04-20,54.599998474121094,54.0,54.25,54.5,98100.0,53.28143692016602,54.366666158040374,30.436338690828386,52.320000076293944,52.427500057220456,51.676999969482424,,125500.0
2018-04-23,54.54999923706055,53.70000076293945,54.349998474121094,54.04999923706055,55700.0,52.84149551391602,54.09999974568686,-97.572482003066,52.464999961853025,52.47750005722046,51.846999969482425,,122805.0
2018-04-24,54.45000076293945,52.20000076293945,54.4000015258789,52.70000076293945,51400.0,51.52167892456055,53.11666742960611,-157.15714167668455,52.492499923706056,52.47750005722046,51.98199996948242,,121613.33333333333
2018-04-25,53.1500015258789,51.95000076293945,52.599998474121094,52.04999923706055,157300.0,50.8862190246582,52.383333841959626,-116.18880147287123,52.562499809265134,52.4875,52.096999969482425,,122921.66666666667
2018-04-26,55.9000015258789,52.5,53.0,55.349998474121094,216700.0,54.11243057250977,54.58333333333334,75.81021852884678,52.88249969482422,52.611249923706055,52.28199996948242,,124008.33333333333
2018-04-27,55.349998474121094,50.9000015258789,55.0,51.1500015258789,212600.0,50.0063362121582,52.46666717529297,-71.11478573521757,52.88749980926514,52.63125,52.36400001525879,,126180.0
2018-04-30,51.79999923706055,50.75,51.349998474121094,50.75,171700.0,49.61528396606445,51.09999974568686,-121.2797952718762,52.88999977111816,52.63249998092651,52.34099998474121,,127075.0
2018-05-01,50.849998474121094,49.4000015258789,50.599998474121094,50.599998474121094,233300.0,49.46863174438477,50.28333282470703,-106.45526654588406,52.84499969482422,52.61624994277954,52.35399993896485,,128151.66666666667
2018-05-02,52.04999923706055,50.849998474121094,50.849998474121094,51.599998474121094,110200.0,50.4462776184082,51.499998728434235,-26.36335081563711,52.822499656677245,52.611249923706055,52.369999923706054,,127918.33333333333
2018-05-03,52.349998474121094,51.04999923706055,51.6500015258789,52.349998474121094,103800.0,51.17950439453125,51.91666539510091,50.69285881270147,52.787499618530276,52.58124990463257,52.384999923706054,,127846.66666666667
2018-05-04,53.349998474121094,51.849998474121094,51.849998474121094,53.04999923706055,104100.0,51.86385726928711,52.749998728434235,125.50609111147823,52.8774995803833,52.58249988555908,52.414999923706056,,128081.66666666667
2018-05-07,53.79999923706055,53.20000076293945,53.349998474121094,53.4000015258789,69700.0,52.206031799316406,53.46666717529297,109.8766001425091,52.93499965667725,52.57499990463257,52.441999969482424,,126883.33333333333
2018-05-08,54.4000015258789,53.22999954223633,53.349998474121094,54.349998474121094,118200.0,53.1347885131836,53.99333318074545,103.90034547725428,52.999999618530275,52.602499866485594,52.47499992370606,,126570.0
2018-05-09,55.4000015258789,54.099998474121094,54.54999923706055,55.29999923706055,157700.0,54.06355667114258,54.93333307902017,117.53186515533906,53.14249954223633,52.64749984741211,52.54799987792969,,127838.33333333333
2018-05-10,55.9000015258789,55.099998474121094,55.29999923706055,55.099998474121094,108400.0,53.868019104003906,55.366666158040374,100.56190752019538,53.269999504089355,52.69999980926514,52.64199981689453,,128571.66666666667
2018-05-11,55.6500015258789,54.70000076293945,55.25,54.9000015258789,46100.0,53.67249298095703,55.08333460489909,51.1394841435541,53.384999656677245,52.7399998664856,52.732999877929686,,127308.33333333333
2018-05-14,55.4000015258789,54.75,54.95000076293945,54.9000015258789,62600.0,53.67249298095703,55.01666768391928,25.979042921250375,53.479999732971194,52.757499885559085,52.81699989318847,,124976.66666666667
2018-05-15,55.75,54.18999862670898,54.5,55.5,117800.0,54.36305618286133,55.146666208902985,21.11585888771774,53.53499965667724,52.788749885559085,52.901999893188474,,124676.66666666667
2018-05-16,56.54999923706055,55.79999923706055,55.79999923706055,56.20000076293945,103800.0,55.04870986938477,56.18333307902017,165.1966142244326,53.614999771118164,52.86999988555908,52.98999992370605,,124186.66666666667
2018-05-17,56.9000015258789,56.04999923706055,56.1500015258789,56.25,84900.0,55.09768676757813,56.40000025431314,95.77403640148584,53.70249977111816,52.94374990463257,53.043999938964845,,123931.66666666667
2018-05-18,56.79999923706055,56.099998474121094,56.54999923706055,56.54999923706055,73600.0,55.39154434204102,56.48333231608072,69.48677684652694,53.80499973297119,53.06249990463257,53.11499992370605,,124056.66666666667
2018-05-21,57.45000076293945,56.75,56.75,57.20000076293945,61000.0,56.02822875976562,57.133333841959626,119.13961241170193,53.96249980926514,53.21374988555908,53.18499992370605,,123613.33333333333
2018-05-22,57.45000076293945,56.099998474121094,57.349998474121094,56.20000076293945,78700.0,55.04870986938477,56.58333333333334,7.366501911262647,54.13749980926514,53.31499986648559,53.24399993896484,,123935.0
2018-05-23,56.45000076293945,55.1500015258789,55.849998474121094,55.79999923706055,63500.0,54.65690612792969,55.8000005086263,-149.12283637043998,54.32499980926514,53.443749809265135,53.289999923706056,,123520.0
2018-05-24,55.95000076293945,55.20000076293945,55.70000076293945,55.349998474121094,58900.0,54.21611785888672,55.5,-102.56414269243312,54.32499980926514,53.60374975204468,53.33699989318848,52.06999992370606,122920.0
2018-05-25,55.349998474121094,54.04999923706055,55.25,54.349998474121094,62100.0,53.23659896850586,54.58333206176758,-118.70936524361994,54.484999656677246,53.68624973297119,53.357999877929686,52.11349990844727,122530.0
2018-05-29,54.54999923706055,53.6500015258789,53.70000076293945,53.95000076293945,121800.0,52.84480285644531,54.0500005086263,-105.85577313212863,54.64499969482422,53.76749973297119,53.35299987792969,52.15549991607666,122895.0
2018-05-30,55.29999923706055,54.4000015258789,54.45000076293945,54.6500015258789,87700.0,53.53046417236328,54.783334096272796,-18.867842480872728,54.84749984741211,53.84624977111817,53.36099990844727,52.191499938964846,123145.0
2018-05-31,55.5,54.54999923706055,54.75,54.54999923706055,79500.0,53.43251419067383,54.866666158040374,20.833243023314164,54.99499988555908,53.90874977111817,53.39299987792969,52.22649993896484,123400.0
2018-06-01,55.25,54.45000076293945,54.95000076293945,54.75,85600.0,53.62841033935547,54.81666692097983,54.02932898149932,55.11499996185303,53.95124979019165,53.42199989318848,52.26649993896484,122510.0
2018-06-04,55.45000076293945,54.599998474121094,54.9000015258789,55.29999923706055,105600.0,54.16714859008789,55.116666158040374,96.05902073091022,55.22749996185303,54.052499771118164,53.49199989318848,52.31199993133545,122466.66666666667
2018-06-05,56.349998474121094,55.4000015258789,55.4000015258789,56.20000076293945,54700.0,55.04870986938477,55.98333358764648,166.0306408645409,55.367499923706056,54.15124979019165,53.592999877929685,52.36549995422363,121556.66666666667
2018-06-06,56.9000015258789,56.1500015258789,56.29999923706055,56.6500015258789,71800.0,55.4894905090332,56.56666819254556,113.52661011020322,55.482500076293945,54.24124984741211,53.68299987792969,52.402499961853025,120810.0
2018-06-07,56.9000015258789,56.25,56.70000076293945,56.45000076293945,145700.0,55.2935905456543,56.533334096272796,72.70914291106985,55.54000015258789,54.34124984741211,53.7989998626709,52.439999961853026,121450.0
2018-06-08,56.79999923706055,56.1500015258789,56.54999923706055,56.20000076293945,64500.0,55.04870986938477,56.383333841959626,39.215642275735796,55.59500026702881,54.43249988555908,53.9439998626709,52.47449996948242,120760.0
2018-06-11,56.9000015258789,56.1500015258789,56.25,56.75,73700.0,55.58744430541992,56.600001017252595,67.63279682571233,55.687500190734866,54.53624992370605,54.05799987792969,52.507999954223635,118826.66666666667
2018-06-12,56.599998474121094,55.79999923706055,56.599998474121094,56.349998474121094,44200.0,55.19563293457031,56.249998728434235,-120.37064508977845,55.76000003814697,54.61999988555908,54.17099983215332,52.54349994659424,113640.0
2018-06-13,56.70000076293945,55.4000015258789,56.25,55.849998474121094,59800.0,54.70587921142578,55.98333358764648,-130.9519527735028,55.777499961853025,54.656249809265134,54.25799980163574,52.564999923706054,112850.0
2018-06-14,56.349998474121094,55.29999923706055,56.04999923706055,56.349998474121094,80100.0,55.19563293457031,55.999998728434235,-80.57420796726039,55.78499984741211,54.69999980926514,54.343999786376955,52.59449989318848,112110.0
2018-06-15,57.04999923706055,54.95000076293945,56.04999923706055,55.79999923706055,181100.0,54.65690612792969,55.93333307902017,-67.48460275300279,55.76249980926514,54.73249979019165,54.398999786376955,52.628999900817874,113788.33333333333
2018-06-18,56.349998474121094,55.54999923706055,55.6500015258789,56.349998474121094,49500.0,55.19563293457031,56.08333206176758,23.80926430512116,55.75249977111817,54.778749752044675,54.500999755859375,52.68249988555908,112976.66666666667
2018-06-19,56.29999923706055,54.31000137329102,55.6500015258789,55.349998474121094,97000.0,54.21611785888672,55.31999969482422,-166.66666666668843,55.65999965667724,54.81124973297119,54.5629997253418,52.73249988555908,111743.33333333333
2018-06-20,56.25,55.349998474121094,55.6500015258789,55.349998474121094,64500.0,54.21611785888672,55.649998982747405,-39.309926197598045,55.61749954223633,54.877499675750734,54.608999710083005,52.78099987030029,110063.33333333333
2018-06-21,55.54999923706055,54.9000015258789,55.54999923706055,55.099998474121094,101100.0,53.97123718261719,55.18333307902017,-98.2272672497851,55.582499504089355,54.953749656677246,54.66199966430664,52.823999862670895,110300.0
2018-06-22,55.9000015258789,54.6500015258789,55.5,54.95000076293945,141400.0,53.8243179321289,55.16666793823242,-67.78909488372982,55.562499618530275,54.9437497138977,54.70999969482422,52.8714998626709,109678.33333333333
2018-06-25,54.45000076293945,52.95000076293945,54.349998474121094,53.70000076293945,110000.0,52.59991836547852,53.70000076293945,-166.66666666667533,55.52999973297119,55.00749969482422,54.731999740600585,52.9114998626709,107068.33333333333
2018-06-26,54.54999923706055,53.6500015258789,53.70000076293945,54.25,77100.0,53.13865661621094,54.15000025431314,-61.144001287323896,55.54499969482422,55.09499969482422,54.756999740600584,52.95949985504151,105205.0
2018-06-27,55.099998474121094,53.599998474121094,54.25,53.849998474121094,92400.0,52.74684143066406,54.18333180745444,-35.00415155356361,55.50499954223633,55.17624969482422,54.74599967956543,53.01349983215332,104936.66666666667
2018-06-28,54.20000076293945,53.25,53.79999923706055,54.04999923706055,66900.0,52.94274520874024,53.83333333333334,-64.81476575756272,55.47999954223633,55.237499713897705,54.73499969482422,53.07499980926514,104035.0
2018-06-29,54.599998474121094,54.0,54.29999923706055,54.1500015258789,130300.0,53.04071044921875,54.25,73.5932451657509,55.44999961853027,55.28249979019165,54.727999725341796,53.13099983215332,103670.0
2018-07-02,55.349998474121094,53.70000076293945,53.9000015258789,55.349998474121094,165700.0,54.21611785888672,54.79999923706055,164.69415987204587,55.452499580383304,55.339999771118165,54.744999694824216,53.21099983215332,104336.66666666667
2018-07-03,56.0,54.6500015258789,55.54999923706055,54.849998474121094,30900.0,53.726356506347656,55.16666666666666,111.80129742336308,55.384999465942386,55.37624969482422,54.76099967956543,53.30399982452393,101955.0
2018-07-05,55.5,54.79999923706055,55.25,55.4000015258789,71500.0,54.265098571777344,55.23333358764648,78.13917589291958,55.322499465942386,55.402499771118165,54.814999694824216,53.39849983215332,101146.66666666667
2018-07-06,56.79999923706055,55.349998474121094,55.4000015258789,56.45000076293945,96000.0,55.2935905456543,56.1999994913737,147.38283470804953,55.322499465942386,55.43124980926514,54.9029997253418,53.49999984741211,100948.33333333333
2018-07-09,56.95000076293945,56.04999923706055,56.79999923706055,56.5,63200.0,55.342567443847656,56.5,99.5671281624888,55.33749942779541,55.46624984741211,54.92599975585937,53.6039998626709,100950.0
2018-07-10,56.70000076293945,55.38999938964844,56.45000076293945,55.95000076293945,72400.0,54.80382919311523,56.013333638509124,25.517531784205648,55.29749946594238,55.49249982833862,55.021999740600585,53.69299987792969,100411.66666666667
2018-07-11,55.79999923706055,54.95000076293945,55.45000076293945,55.1500015258789,47300.0,54.02022171020508,55.3000005086263,-78.56595977617498,55.23749961853027,55.498749828338624,55.10999977111816,53.725499877929686,97450.0
2018-07-12,55.86999893188477,55.290000915527344,55.75,55.599998474121094,39600.0,54.46099472045898,55.58666610717773,-58.2751503048717,55.224999618530276,55.50124979019165,55.20999977111816,53.781999855041505,95308.33333333333
2018-07-13,56.4000015258789,55.45000076293945,55.599998474121094,55.54999923706055,37000.0,54.41202163696289,55.8000005086263,-7.999928792328613,55.18499965667725,55.48499975204468,55.288999786376955,53.829499855041504,94098.33333333333
2018-07-16,55.70000076293945,54.58000183105469,55.349998474121094,55.1500015258789,72200.0,54.02022171020508,55.14333470662436,-102.14529706252064,55.152499771118165,55.45749979019165,55.34499984741211,53.86499988555908,94395.0
2018-07-17,56.1500015258789,55.29999923706055,55.29999923706055,55.75,31400.0,54.60792922973633,55.73333358764648,63.19212519219415,55.12249984741211,55.437499809265134,55.3989998626709,53.90699989318848,93283.33333333333
2018-07-18,56.54999923706055,55.4000015258789,55.599998474121094,56.5,37900.0,55.342567443847656,56.15000025431314,122.59529939571634,55.179999923706056,55.41999979019165,55.46099983215332,53.95149990081787,92986.66666666667
2018-07-19,56.29999923706055,55.6500015258789,56.099998474121094,55.9000015258789,50200.0,54.75485610961914,55.95000076293945,51.17426691716549,55.20750007629395,55.412499809265135,55.49199989318848,53.983499908447264,92966.66666666667
2018-07-20,56.25,55.70000076293945,55.9000015258789,55.79999923706055,39500.0,54.65690612792969,55.91666666666666,33.79030032388904,55.242500114440915,55.412499809265135,55.501999893188476,54.02499988555908,91003.33333333333
2018-07-23,56.4000015258789,55.13000106811523,55.79999923706055,55.75,98200.0,54.60792922973633,55.760000864664704,-76.18008769995372,55.28250007629394,55.42249984741211,55.51499992370606,54.07849987030029,89028.33333333333
2018-07-24,58.349998474121094,56.04999923706055,56.349998474121094,57.5,122400.0,56.32208633422852,57.29999923706055,166.66666666665358,55.472500038146975,55.50124988555908,55.56699989318847,54.14999988555908,87525.0
2018-07-25,58.0,56.75,57.45000076293945,57.849998474121094,104200.0,56.6649055480957,57.53333282470703,93.8476522793914,55.652499961853025,55.598749828338626,55.62599983215332,54.221499862670896,86400.0
2018-07-26,62.0,56.4000015258789,57.25,61.5,234000.0,60.240135192871094,59.96666717529297,152.78738143285537,56.035000038146975,55.76999979019165,55.74599983215332,54.323999862670895,86411.66666666667
2018-07-27,63.45000076293945,61.04999923706055,62.04999923706055,61.349998474121094,151100.0,60.09320831298828,61.9499994913737,116.97650490293672,56.4,55.93999977111817,55.84899978637695,54.4194998550415,87093.33333333333
2018-07-30,62.36999893188477,61.20000076293945,61.70000076293945,61.349998474121094,109100.0,60.09320831298828,61.63999938964844,72.30245949916133,56.75999984741211,56.104999732971194,55.95099975585938,54.49749984741211,87181.66666666667
2018-07-31,63.04999923706055,60.6500015258789,61.599998474121094,62.70000076293945,101000.0,61.4155502319336,62.133333841959626,65.47622243471302,57.127499961853026,56.28999977111816,56.07399978637695,54.594499855041505,87130.0
2018-08-01,63.599998474121094,61.88000106811523,62.349998474121094,63.5,84800.0,62.19916152954102,62.99333318074545,112.20237186976169,57.560000038146974,56.472499752044676,56.199999771118165,54.69249984741211,87381.66666666667
2018-08-02,63.95000076293945,62.79999923706055,62.95000076293945,63.79999923706055,72700.0,62.49301528930664,63.51666641235352,110.30927310693791,57.97999992370605,56.651249694824216,56.35199974060058,54.79799983978271,86623.33333333333
2018-08-03,64.09999847412111,62.95000076293945,63.95000076293945,63.54999923706055,81400.0,62.24813461303711,63.53333282470703,73.19390008043561,58.33499984741211,56.828749656677246,56.506999740600584,54.89849983215332,85351.66666666667
2018-08-06,64.44999694824219,63.4000015258789,63.45000076293945,64.30000305175781,77200.0,62.98278045654297,64.0500005086263,98.32201136142841,58.725,57.03124971389771,56.68599983215332,55.011499862670895,84831.66666666667
2018-08-07,65.09999847412111,64.15000152587889,64.80000305175781,64.34999847412111,91100.0,63.0317497253418,64.53333282470703,118.89338040594019,59.14499988555908,57.221249675750734,56.88599983215332,55.1219998550415,85581.66666666667
2018-08-08,64.75,63.54999923706055,64.44999694824219,64.44999694824219,81400.0,63.12971115112305,64.24999872843425,50.43034761230197,59.609999656677246,57.42374963760376,57.095999755859374,55.22449981689453,85895.0
2018-08-09,64.5,63.5,64.44999694824219,63.9000015258789,78300.0,62.59097290039063,63.96666717529297,-25.640880175642447,60.02499980926514,57.62499971389771,57.280999755859376,55.32099983215332,85236.66666666667
2018-08-10,64.59999847412111,63.5,63.5,64.19999694824219,69400.0,62.88481903076172,64.09999847412111,-31.49654784213709,60.45749969482422,57.821249675750735,57.47399971008301,55.433499794006345,84663.33333333333
2018-08-13,64.44999694824219,63.45000076293945,64.19999694824219,64.0,128900.0,62.68892288208008,63.966665903727204,-71.7762302408549,60.89999961853027,58.026249694824216,57.65899971008301,55.54049980163574,85396.66666666667
2018-08-14,64.90000152587889,63.599998474121094,64.0,64.19999694824219,109600.0,62.88481903076172,64.23333231608072,78.31331761485242,61.322499465942386,58.22249965667724,57.83699966430664,55.66449977874756,85996.66666666667
2018-08-15,63.75,60.349998474121094,63.75,61.849998474121094,226300.0,60.58296203613281,61.98333231608072,-166.66666666667484,61.58999938964844,58.384999656677245,57.94999961853027,55.77149974822998,88751.66666666667
2018-08-16,63.349998474121094,61.70000076293945,62.6500015258789,62.1500015258789,106700.0,60.87682342529297,62.40000025431314,-68.17073888067777,61.90249938964844,58.55499973297119,58.05999961853027,55.87149974822998,89218.33333333333
2018-08-17,62.1500015258789,61.29999923706055,61.95000076293945,61.79999923706055,66500.0,60.53398132324219,61.75,-75.45043942061803,62.20249938964844,58.722499752044676,58.16699958801269,55.9829997253418,89268.33333333333
2018-08-20,62.5,61.6500015258789,62.1500015258789,62.4000015258789,138700.0,61.22572326660156,62.18333435058594,-31.59242366802456,62.534999465942384,58.90874977111817,58.29099960327149,56.11749973297119,90598.33333333333
2018-08-21,63.25,62.349998474121094,62.4000015258789,62.599998474121094,107100.0,61.421958923339844,62.73333231608072,122.27401974396318,62.789999389648436,59.1312497138977,58.40799957275391,56.2329997253418,91348.33333333333
2018-08-22,63.349998474121094,62.20000076293945,62.6500015258789,63.0,109700.0,61.814430236816406,62.84999974568686,93.33339640305785,63.04749946594238,59.3499997138977,58.54099960327149,56.3559997177124,91146.66666666667
2018-08-23,63.04999923706055,62.20000076293945,62.79999923706055,62.849998474121094,91400.0,61.6672477722168,62.6999994913737,44.87179487178255,63.11499938964844,59.574999713897704,58.68099960327149,56.46949970245361,91208.33333333333
2018-08-24,63.95000076293945,62.5,63.1500015258789,63.599998474121094,64800.0,62.40314102172852,63.34999974568686,145.21453080096128,63.227499389648436,59.81374969482422,58.825999603271484,56.58499969482422,90963.33333333333
2018-08-27,64.80000305175781,63.349998474121094,63.79999923706055,63.5,109000.0,62.30501937866211,63.883333841959626,126.6234020911173,63.33499946594238,60.047499656677246,58.97999961853027,56.68949970245362,91353.33333333333
2018-08-28,64.15000152587889,63.099998474121094,63.6500015258789,63.45000076293945,78500.0,62.25596618652344,63.56666692097983,49.94390129641162,63.37249946594238,60.24999971389771,59.12199966430664,56.811499710083005,90901.66666666667
2018-08-29,64.5,63.29999923706055,63.6500015258789,64.19999694824219,107500.0,62.9918441772461,63.999998728434235,87.71909629800064,63.40749931335449,60.48374967575073,59.298999633789066,56.93099967956543,91781.66666666667
2018-08-30,64.09999847412111,63.1500015258789,63.95000076293945,63.4000015258789,87800.0,62.20690155029297,63.5500005086263,-36.80968912443714,63.38749942779541,60.68374967575073,59.45999969482422,57.034499702453616,92048.33333333333
2018-08-31,63.95000076293945,63.0,63.25,63.79999923706055,120500.0,62.59937286376953,63.58333333333334,-49.382799774043285,63.39999942779541,60.86749963760376,59.63399971008301,57.147999687194826,91628.33333333333
2018-09-04,64.05000305175781,62.1500015258789,63.5,63.04999923706055,140200.0,61.86349487304688,63.08333460489909,-164.3519683633716,63.33749923706055,61.031249618530275,59.795999679565426,57.25299968719482,92890.0
2018-09-05,62.95000076293945,62.0,62.9000015258789,62.099998474121094,106700.0,60.93136596679688,62.34999974568686,-134.54390748337022,63.224999237060544,61.184999561309816,59.963999633789065,57.34799968719482,93440.0
2018-09-06,62.849998474121094,61.5,62.25,61.599998474121094,147500.0,60.44078063964844,61.98333231608072,-103.88641998202196,63.08249931335449,61.34624948501587,60.11099960327149,57.433999671936036,95161.66666666667
2018-09-07,61.849998474121094,60.099998474121094,61.349998474121094,60.349998474121094,83800.0,59.21429443359375,60.76666514078775,-134.92060917629885,62.9049991607666,61.464999485015866,60.24099960327148,57.49349964141846,95561.66666666667
2018-09-10,60.4000015258789,58.75,60.4000015258789,59.0,251200.0,57.88970947265625,59.383333841959626,-123.40665330212042,62.64499931335449,61.551249504089355,60.33999961853027,57.53749965667725,98413.33333333333
2018-09-11,59.25,57.70000076293945,58.54999923706055,58.79999923706055,68600.0,57.69346618652344,58.58333333333334,-103.78325301923228,62.38499927520752,61.6424994468689,60.43299957275391,57.58049964904785,96538.33333333333
2018-09-12,59.54999923706055,57.95000076293945,58.70000076293945,59.4000015258789,127900.0,58.28218078613281,58.96666717529297,-56.199295360557464,62.144999504089355,61.73374948501587,60.51399963378906,57.62949966430664,97845.0
2018-09-13,59.9000015258789,58.54999923706055,59.75,58.79999923706055,148200.0,57.69346618652344,59.08333333333334,-31.70920956360409,61.99249954223633,61.791249465942386,60.592999649047854,57.67699966430664,98698.33333333333
2018-09-14,59.70000076293945,58.75,58.79999923706055,59.4000015258789,86600.0,58.28218078613281,59.283334096272796,65.30223991803192,61.85499954223633,61.878749465942384,60.67299964904785,57.74399967193604,99066.66666666667
2018-09-17,59.45000076293945,58.79999923706055,59.349998474121094,59.20000076293945,148300.0,58.08594131469727,59.15000025431314,47.7855198034995,61.724999618530276,61.96374950408936,60.72799964904785,57.81549968719482,99853.33333333333
2018-09-18,60.0,58.79999923706055,59.5,58.849998474121094,89000.0,57.74252700805664,59.216665903727204,55.55494127198772,61.54749946594238,62.041249465942386,60.77499961853027,57.85049968719483,98980.0
2018-09-19,59.75,58.54999923706055,58.95000076293945,58.75,75600.0,57.64441299438477,59.01666641235352,-111.11118175362219,61.35499954223633,62.072499465942386,60.830999603271486,57.926499671936035,98406.66666666667
2018-09-20,59.599998474121094,58.6500015258789,59.20000076293945,59.25,74700.0,58.13500213623047,59.16666666666666,-7.815970093361049e-11,61.16749954223633,62.107499504089354,60.912999572753904,58.011499671936036,98366.66666666667
2018-09-21,59.599998474121094,58.58000183105469,59.45000076293945,59.0,219700.0,57.88970947265625,59.06000010172525,-61.75279630676789,60.974999618530276,62.044999504089354,60.980999603271485,58.095499687194824,100488.33333333333
2018-09-24,59.95000076293945,58.599998474121094,59.25,58.95000076293945,50000.0,57.84064865112305,59.16666666666666,39.591539448956816,60.74249973297119,61.98499956130981,61.048999633789066,58.16899971008301,100206.66666666667
2018-09-25,60.04999923706055,59.0,59.20000076293945,59.20000076293945,134500.0,58.08594131469727,59.41666666666666,164.91684597066566,60.527499771118165,61.93124961853027,61.12999961853027,58.237499732971195,100276.66666666667
2018-09-26,59.6500015258789,58.1500015258789,59.04999923706055,59.0,107200.0,57.88970947265625,58.93333435058594,-118.05538127262848,60.30499973297119,61.83874959945679,61.194999618530275,58.29699974060058,99301.66666666667
2018-09-27,59.70000076293945,58.54999923706055,59.20000076293945,58.75,105800.0,57.64441299438477,59.0,-54.50553095753457,60.03249988555908,61.719999599456784,61.23999961853028,58.3504997253418,100550.0
2018-09-28,61.099998474121094,58.349998474121094,58.45000076293945,60.5,222600.0,59.36146926879883,59.98333231608072,142.36108020494248,59.88749980926514,61.63749961853027,61.33199958801269,58.411999740600585,103068.33333333333
2018-10-01,60.93999862670898,59.88999938964844,60.79999923706055,60.84000015258789,117600.0,59.6950798034668,60.556666056315095,117.85490807720915,59.7394998550415,61.569749641418454,61.43279960632324,58.467399749755856,103428.33333333333
2018-10-02,61.06999969482422,59.20000076293945,60.70000076293945,59.58000183105469,89900.0,58.45879745483398,59.95000076293945,30.79552488839872,59.56599998474121,61.451749610900876,61.50939964294434,58.512199783325194,103873.33333333333
2018-10-03,60.31000137329102,58.97000122070313,59.72000122070313,59.97000122070313,68300.0,58.8414535522461,59.75000127156577,-17.26549060587319,59.45950012207031,61.34224967956543,61.5587996673584,58.56289978027344,103805.0
2018-10-04,60.18999862670898,59.18000030517578,60.0,59.58000183105469,93900.0,58.45879745483398,59.65000025431314,-93.60757437597788,59.35850028991699,61.22049980163574,61.59339973449707,58.6096997833252,104581.66666666667
2018-10-05,59.79999923706055,58.27000045776367,59.27999877929688,59.2599983215332,96300.0,58.14480972290039,59.10999933878581,-128.39525813217642,59.304000282287596,61.1044997215271,61.54859970092773,58.64729976654053,105526.66666666667
2018-10-08,59.040000915527344,57.70000076293945,58.61999893188477,58.61999893188477,70900.0,57.51686096191406,58.453333536783845,-128.85920353517236,59.285000228881835,60.964999771118165,61.49399971008301,58.671499748229984,106091.66666666667
2018-10-09,58.36999893188477,56.65999984741211,57.959999084472656,56.84000015258789,128800.0,55.77035522460938,57.28999964396159,-132.8453197536969,59.1870002746582,60.78599977493286,61.40379974365234,58.67739974975586,107035.0
2018-10-10,56.81000137329102,55.43000030517578,56.31000137329102,55.54999923706055,167400.0,54.5046272277832,55.93000030517578,-121.70803316990299,58.994500160217285,60.56974983215332,61.260799713134766,58.66739974975586,109301.66666666667
2018-10-11,56.43000030517578,54.86000061035156,55.36999893188477,55.06000137329102,102500.0,54.02384948730469,55.45000076293945,-96.18129080737356,58.80750026702881,60.399999904632566,61.091999740600585,58.64599975585938,110378.33333333333
2018-10-12,57.0,54.790000915527344,56.04999923706055,55.38000106811523,100400.0,54.33783721923828,55.72333399454752,-54.13360049566543,58.606500244140626,60.230749893188474,60.92359977722168,58.637799758911136,111215.0
2018-10-15,56.08000183105469,54.81999969482422,55.45000076293945,55.63000106811523,57100.0,54.58312606811523,55.510000864664704,-59.91172842084952,58.42800025939941,60.076499938964844,60.76519981384277,58.63609977722168,111508.33333333333
2018-10-16,56.7400016784668,55.4000015258789,55.97999954223633,56.54999923706055,115300.0,55.48580932617188,56.23000081380209,123.48331008026202,58.31300029754639,59.93024988174439,60.610199737548825,58.64809978485108,111793.33333333333
2018-10-17,56.599998474121094,55.790000915527344,56.4900016784668,56.2599983215332,50700.0,55.2012710571289,56.216665903727204,81.93495613891633,58.188500213623044,59.771749877929686,60.44839973449707,58.667199783325195,110598.33333333333
2018-10-18,56.02000045776367,54.36999893188477,55.56000137329102,54.54999923706055,72400.0,53.5234489440918,54.97999954223633,-127.54426478324378,57.95350017547607,59.560499858856204,60.25039978027344,58.673199768066404,110068.33333333333
2018-10-19,55.16999816894531,53.56000137329102,54.61999893188477,54.18000030517578,69500.0,53.1604118347168,54.3033332824707,-118.29953724278063,57.712500190734865,59.34374990463257,60.055999755859375,58.66849975585937,107326.66666666667
2018-10-22,55.349998474121094,54.40999984741211,54.52999877929688,55.11999893188477,106900.0,54.08271789550781,54.959999084472656,-35.579867539859436,57.52100009918213,59.13174991607666,59.87439979553223,58.67419975280762,106590.0
2018-10-23,54.290000915527344,52.20000076293945,54.11999893188477,53.790000915527344,73100.0,52.777748107910156,53.42666753133139,-123.37107521672992,57.25050010681152,58.888999938964844,59.67019981384277,58.66459976196289,105990.0
2018-10-24,53.68999862670898,50.31000137329102,53.68999862670898,50.540000915527344,133600.0,49.58891296386719,51.513333638509124,-141.66671086135457,56.82750015258789,58.56624994277954,59.39699989318848,58.616999778747555,106533.33333333333
2018-10-25,57.59000015258789,52.0099983215332,52.599998474121094,57.33000183105469,187600.0,56.25113296508789,55.643333435058594,93.04138648321423,56.756500244140625,58.39450006484985,59.30659996032715,58.62829978942871,108246.66666666667
2018-10-26,58.43999862670898,55.86000061035156,56.61999893188477,58.11999893188477,152600.0,57.02626419067383,57.47333272298178,112.10938655616238,56.63750019073486,58.2625,59.225999908447264,58.64299976348877,109578.33333333333
2018-10-29,59.47999954223633,55.66999816894531,59.47999954223633,56.2400016784668,129500.0,55.181640625,57.12999979654947,67.92608328400492,56.40750026702881,58.073500061035155,59.11479995727539,58.64089977264404,110380.0
2018-10-30,57.7400016784668,56.27999877929688,56.31000137329102,57.540000915527344,98000.0,56.45718765258789,57.18666712443034,52.66598458746108,56.305500221252444,57.93575010299683,59.01759994506836,58.65429977416992,110726.66666666667
2018-10-31,58.4000015258789,56.7400016784668,58.1500015258789,56.83000183105469,119900.0,55.76054382324219,57.32333501180014,47.400782563704155,56.14850025177002,57.80400018692016,58.90220001220703,58.65509979248047,111206.66666666667
2018-11-01,58.209999084472656,57.25,57.36000061035156,57.83000183105469,94800.0,56.74172973632813,57.763333638509124,133.05923973123646,56.06100025177002,57.70975027084351,58.79880004882813,58.66989982604981,111430.0
2018-11-02,58.93999862670898,57.68000030517578,58.06999969482422,58.52000045776367,212400.0,57.41873550415039,58.37999979654947,133.22545180942296,56.024000358581546,57.66400032043457,58.71220008850098,58.69659984588623,113665.0
2018-11-05,59.63000106811523,56.97999954223633,58.959999084472656,57.45000076293945,84200.0,56.368873596191406,58.02000045776367,49.57150219178438,55.96550045013428,57.62525033950806,58.58920013427734,58.707599868774416,113911.66666666667
2018-11-06,57.68000030517578,56.1500015258789,57.65999984741211,57.56999969482422,126700.0,56.486610412597656,57.133333841959626,-99.30520442089217,56.002000427246095,57.594500350952146,58.47060012817383,58.72529987335205,113875.0
2018-11-07,59.29999923706055,57.77000045776367,58.11000061035156,58.81000137329102,157600.0,57.80871963500977,58.62666702270508,99.75143215162713,56.16500053405762,57.57975034713745,58.377800140380856,58.74989990234375,114675.0
2018-11-08,58.7400016784668,57.43999862670898,58.61999893188477,57.9900016784668,66000.0,57.0026741027832,58.05666732788086,2.381007525387131,56.311500549316406,57.55950040817261,58.25360023498535,58.776299934387204,112003.33333333333
2018-11-09,57.29999923706055,55.91999816894531,57.20000076293945,56.5099983215332,90200.0,55.5478744506836,56.57666524251303,-111.357307170752,56.3680004119873,57.487250328063965,58.11580017089844,58.78789993286133,111728.33333333333
2018-11-12,57.18999862670898,55.5099983215332,57.02000045776367,55.88000106811523,56200.0,54.92860412597656,56.19333267211914,-91.44157731988777,56.380500411987306,57.40425033569336,57.957400207519534,58.79569995880127,111556.66666666667
2018-11-13,56.43000030517578,55.18000030517578,55.81000137329102,55.31000137329102,82700.0,54.36830520629883,55.6400006612142,-86.83958863953461,56.31850051879883,57.315750408172605,57.80260025024414,58.79929996490478,110623.33333333333
2018-11-14,56.43999862670898,54.61999893188477,55.5,54.72999954223633,136800.0,53.79817962646485,55.26333236694336,-92.94877463107966,56.242000579833984,57.215250396728514,57.65520027160645,58.80959995269775,111118.33333333333
2018-11-15,56.02999877929688,54.38000106811523,54.63999938964844,55.95000076293945,71600.0,54.99740982055664,55.453333536783845,-55.39007764133808,56.31200065612793,57.132750415802,57.542200317382814,58.82659996032715,110483.33333333333
2018-11-16,57.18000030517578,55.209999084472656,56.0,56.6500015258789,151600.0,55.68549728393555,56.34666697184245,96.3542510255978,56.43550071716309,57.074000453948976,57.46820037841797,58.854599990844726,111486.66666666667
2018-11-19,56.790000915527344,55.16999816894531,56.45000076293945,55.97000122070313,90900.0,55.01707077026367,55.97666676839194,47.11562780674049,56.47800083160401,56.99950046539307,57.40760040283203,58.87380001068115,111921.66666666667
2018-11-20,56.43999862670898,53.86000061035156,55.11999893188477,53.93999862670898,110900.0,53.02162551879883,54.746665954589844,-111.78524622841387,56.485500717163085,56.8680004119873,57.310400390625,58.87169998168945,111953.33333333333
2018-11-21,55.4900016784668,53.45000076293945,54.63999938964844,53.52999877929688,107700.0,52.618614196777344,54.15666707356772,-111.13199232786049,56.63500061035156,56.73125038146973,57.19300033569336,58.85349998474121,112440.0
2018-11-23,53.52000045776367,52.290000915527344,52.68000030517578,53.0099983215332,38200.0,52.107460021972656,52.93999989827475,-118.77874184890142,56.419000434875485,56.587750339508055,57.07720031738281,58.83509998321533,111285.0
2018-11-26,54.31999969482422,52.36000061035156,53.27000045776367,52.54999923706055,93900.0,51.65530014038086,53.07666651407877,-77.7182779060382,56.140500450134276,56.38900032043457,56.94020027160644,58.80659996032715,111386.66666666667
2018-11-27,52.86999893188477,51.20000076293945,52.0,52.599998474121094,97800.0,51.70445251464844,52.22333272298178,-98.18618555163783,55.95850028991699,56.1830002784729,56.80820022583008,58.76809993743896,111008.33333333333
2018-11-28,53.66999816894531,51.58000183105469,52.70000076293945,52.9900016784668,168700.0,52.08781051635742,52.74666722615561,-39.96590272538976,55.73100032806396,56.0182502746582,56.69100028991699,58.73299995422363,111483.33333333333
2018-11-29,53.52999877929688,51.95000076293945,52.72999954223633,52.27000045776367,112300.0,51.38006210327149,52.58333333333334,-35.05002761425443,55.503000259399414,55.825750255584715,56.56140029907227,58.69619995117188,111576.66666666667
2018-11-30,53.209999084472656,51.56000137329102,51.65999984741211,52.88000106811523,126900.0,51.97967910766602,52.5500005086263,-25.997432883827482,55.25550022125244,55.65825023651123,56.43400032043457,58.67349994659424,111233.33333333333
2018-12-03,53.66999816894531,52.09000015258789,53.61999893188477,52.77000045776367,131800.0,51.87155151367188,52.84333292643228,102.9171398971032,54.96800022125244,55.49600028991699,56.30940032958984,58.64519996643067,112033.33333333333
2018-12-04,52.93999862670898,49.90999984741211,52.2599983215332,50.04999923706055,98900.0,49.1978645324707,50.966665903727204,-166.6666666666736,54.5980001449585,55.28175029754639,56.13140029907227,58.59019996643067,109495.0
2018-12-06,50.2400016784668,48.349998474121094,49.7400016784668,49.5,124800.0,48.6572265625,49.363333384195954,-127.97947581586956,54.19450016021729,55.09825029373169,55.937400283813474,58.533699951171876,110431.66666666667
2018-12-07,50.45000076293945,48.31999969482422,50.040000915527344,48.4900016784668,111100.0,47.66442489624024,49.0866673787435,-89.96992091181755,53.678500175476074,54.92175035476684,55.72720031738281,58.46109996795654,110151.66666666667
2018-12-10,48.6500015258789,47.0099983215332,48.47999954223633,47.709999084472656,122500.0,46.89770126342773,47.78999964396159,-97.62536103473258,53.164500045776364,54.738000297546385,55.50640029907227,58.37319995880127,109723.33333333333
2018-12-11,49.31000137329102,46.83000183105469,48.52000045776367,47.13999938964844,102000.0,46.33740997314453,47.760000864664704,-84.35928350618381,52.69600009918213,54.53200025558472,55.239200286865234,58.28559993743897,109980.0
2018-12-12,48.88999938964844,47.43000030517578,48.2400016784668,48.0,84500.0,47.1827621459961,48.106666564941406,-32.62826053581889,52.30200004577637,54.34125022888183,54.982400283813476,58.20759994506836,108916.66666666667
2018-12-13,48.7400016784668,47.06999969482422,48.7400016784668,47.40999984741211,74500.0,46.602806091308594,47.74000040690103,-59.44442749024601,51.90699996948242,54.11275024414063,54.73900024414063,58.12419994354248,108675.0
2018-12-14,47.72000122070313,46.27999877929688,46.91999816894531,46.52999877929688,95100.0,45.73779296875,46.843332926432296,-166.66666666667842,51.49699993133545,53.86950025558472,54.4702001953125,58.01449993133545,109000.0
2018-12-17,47.4000015258789,45.02000045776367,46.5099983215332,45.2400016784668,153500.0,44.46975326538086,45.88666788736978,-127.50885281281641,50.961499977111814,53.636750316619874,54.18340019226074,57.88839996337891,110313.33333333333
2018-12-18,46.97999954223633,45.61999893188477,45.61999893188477,46.15999984741211,107500.0,45.37409210205078,46.25333277384439,-62.0358032523102,50.43699989318848,53.43625030517578,53.92140022277832,57.73499996185303,108443.33333333333
2018-12-19,46.540000915527344,43.43999862670898,46.18000030517578,44.18000030517578,118400.0,43.42780685424805,44.71999994913736,-130.33125876658391,49.84749984741211,53.16275033950806,53.63260025024414,57.56329998016358,109583.33333333333
2018-12-20,44.86000061035156,43.0,44.61000061035156,43.459999084472656,136700.0,42.720062255859375,43.77333323160806,-114.92258334212092,49.323499870300296,52.90450029373169,53.36500022888183,57.38439998626709,109620.0
2018-12-21,44.47999954223633,42.65999984741211,43.5099983215332,43.209999084472656,463000.0,42.47431945800781,43.44999949137369,-90.86880417490565,48.80749988555908,52.721250247955325,53.11820022583008,57.18949996948242,115550.0
2018-12-24,44.45000076293945,43.09000015258789,43.099998474121094,43.43000030517578,53700.0,42.69057083129883,43.65666707356772,-53.31537645263956,48.328499984741214,52.37375020980835,52.88560020446777,56.98879997253418,114681.66666666667
2018-12-26,44.02000045776367,42.849998474121094,43.58000183105469,43.97000122070313,101300.0,43.221378326416016,43.613333384195954,-43.566345828218786,47.89950008392334,52.020000267028806,52.65740020751953,56.790499992370606,112660.0
2018-12-27,44.91999816894531,43.16999816894531,43.16999816894531,44.88000106811523,101300.0,44.11589050292969,44.32333246866861,163.7426574441444,47.51350021362305,51.73600025177002,52.44240020751953,56.603800010681155,112388.33333333333
2018-12-28,45.58000183105469,43.90999984741211,44.93999862670898,44.65999984741211,87600.0,43.89963150024414,44.71666717529297,112.1871166040072,47.09700012207031,51.41400022506714,52.204600219726565,56.4073999786377,112350.0
2018-12-31,45.27000045776367,44.15999984741211,44.97999954223633,44.9900016784668,82300.0,44.2240104675293,44.80666732788086,82.62520079393609,46.73300018310547,51.118000221252444,51.979200286865236,56.213800010681155,112583.33333333333
2019-01-02,45.38999938964844,43.97000122070313,43.97000122070313,44.93000030517578,110800.0,44.165035247802734,44.763333638509124,55.74990883710096,46.335500144958495,50.79550018310547,51.78680030822754,56.01860004425049,112865.0
2019-01-03,44.63000106811523,42.5,44.63000106811523,42.560001373291016,129100.0,41.83538436889648,43.23000081380209,-160.3718818969886,45.82500019073486,50.396500205993654,51.554400329589846,55.80520004272461,113411.66666666667
2019-01-04,44.72999954223633,42.90999984741211,42.90999984741211,44.459999084472656,161100.0,43.703033447265625,44.03333282470703,-33.988630018599714,45.54550018310547,50.07175016403198,51.3412003326416,55.607800064086916,114915.0
2019-01-07,45.77000045776367,44.18000030517578,44.36000061035156,45.75,148600.0,44.97107696533203,45.23333358764648,87.42002015633754,45.35800018310547,49.776250171661374,51.18040031433105,55.42530006408691,115245.0
2019-01-08,46.11000061035156,45.02000045776367,45.58000183105469,46.099998474121094,150800.0,45.31511688232422,45.74333318074545,98.26852284649135,45.23850002288818,49.45850009918213,51.09160026550293,55.244300079345706,114968.33333333333
2019-01-09,47.209999084472656,45.88000106811523,46.06999969482422,46.95000076293945,120700.0,46.15064239501953,46.68000030517578,104.51073302427908,45.200500106811525,49.18250007629395,50.88400024414062,55.095300102233885,115271.66666666667
2019-01-10,46.6500015258789,45.33000183105469,46.27999877929688,46.54999923706055,82100.0,45.75745010375977,46.17666753133139,53.4870448455338,45.17100009918213,48.933500099182126,50.65260025024414,54.939300079345706,114966.66666666667
2019-01-11,46.81999969482422,46.18999862670898,46.2400016784668,46.66999816894531,62300.0,45.875404357910156,46.559998830159515,67.94638170954543,45.1045000076294,48.70325002670288,50.46120018005371,54.78800006866455,115053.33333333333
2019-01-14,46.77000045776367,46.099998474121094,46.77000045776367,46.38999938964844,79000.0,45.60017395019531,46.41999944051108,24.344505744776765,45.05349998474121,48.48024997711182,50.238200149536134,54.62790004730225,114448.33333333333
2019-01-15,47.22999954223633,46.09000015258789,46.38999938964844,46.540000915527344,68200.0,45.74761962890625,46.62000020345053,55.555738567505685,45.05400009155274,48.275500011444095,50.032400131225586,54.46730007171631,114740.0
2019-01-16,47.5099983215332,46.43999862670898,46.7400016784668,46.97000122070313,67100.0,46.17029571533203,46.97333272298178,140.1767091892199,45.14050006866455,48.05100002288818,49.815200119018556,54.30700008392334,114651.66666666667
2019-01-17,48.08000183105469,46.68999862670898,46.70000076293945,47.5,121600.0,46.6912727355957,47.42333348592122,130.32587444009158,45.20750007629395,47.82224998474121,49.59480010986328,54.15350009918213,115520.0
2019-01-18,48.65999984741211,47.290000915527344,47.709999084472656,47.9000015258789,81300.0,47.08446884155274,47.95000076293945,119.34720591029223,45.3935001373291,47.620499992370604,49.40380012512207,53.996500129699704,115093.33333333333
2019-01-22,47.6500015258789,46.81999969482422,47.36999893188477,47.2599983215332,83700.0,46.45536422729492,47.24333318074545,0.2494589662261661,45.58350009918213,47.453499984741214,49.19760009765625,53.83410011291504,115270.0
2019-01-23,47.70000076293945,46.43000030517578,47.47999954223633,46.47999954223633,91500.0,45.68864822387695,46.87000020345053,-89.10461453339217,45.74700012207031,47.2772500038147,48.95100006103516,53.66440010070801,114568.33333333333
2019-01-24,47.25,46.33000183105469,46.52000045776367,46.7400016784668,63000.0,45.94421768188477,46.77333450317383,-91.76876734386288,45.91250019073486,47.12050008773804,48.72600006103516,53.489800148010254,112491.66666666667
2019-01-25,48.16999816894531,47.20000076293945,47.22999954223633,47.38999938964844,49500.0,46.5831527709961,47.58666610717773,52.03295486052987,46.08350009918213,46.99150009155274,48.54360008239746,53.32970012664795,110773.33333333333
2019-01-28,47.54999923706055,46.1500015258789,47.54999923706055,46.65999984741211,70000.0,45.86557388305664,46.78666687011719,-60.9122335779865,46.17250003814697,46.84300012588501,48.3592000579834,53.158300132751464,109781.66666666667
2019-01-29,47.25,46.6500015258789,47.25,46.66999816894531,68700.0,45.875404357910156,46.856666564941406,-32.135192813521186,46.272999954223636,46.685000038146974,48.18639999389649,52.99450012207031,109293.33333333333
2019-01-30,47.61000061035156,46.47999954223633,47.25,47.22000122070313,95200.0,46.41604232788086,47.103333791097015,21.112331605774656,46.38449993133545,46.55875005722046,48.03620002746582,52.845700149536135,108881.66666666667
2019-01-31,47.459999084472656,46.70000076293945,47.11000061035156,46.93000030517578,81600.0,46.13098526000977,47.03000005086264,-13.055886027851036,46.48449993133545,46.410000038146975,47.855800018310546,52.69900016784668,108661.66666666667
2019-02-01,46.93999862670898,46.31999969482422,46.63000106811523,46.91999816894531,58500.0,46.12115097045898,46.72666549682617,-87.3497359847389,46.70249977111816,46.26374998092651,47.661199951171874,52.56470016479492,106096.66666666667
2019-02-04,47.47000122070313,46.25,46.6500015258789,47.38999938964844,155700.0,46.5831527709961,47.03666687011719,45.07339202774393,46.84899978637695,46.19724998474121,47.48959991455078,52.448600158691406,107288.33333333333
2019-02-05,48.47999954223633,46.88000106811523,46.88999938964844,46.95000076293945,88300.0,46.15064239501953,47.43666712443034,151.639190485524,46.908999824523924,46.133500003814696,47.349799957275394,52.33010017395019,106648.33333333333
2019-02-06,47.099998474121094,46.63999938964844,47.02999877929688,46.93000030517578,115500.0,46.13098526000977,46.88999938964844,-51.7774251994599,46.95049991607666,46.09449996948242,47.21779998779297,52.205400161743164,105946.66666666667
2019-02-07,47.16999816894531,45.77999877929688,47.16999816894531,46.34000015258789,56900.0,45.55103302001953,46.42999903361002,-118.73734568763372,46.91999988555908,46.060249996185306,47.084400024414066,52.080800170898435,105795.0
2019-02-08,46.54999923706055,45.77999877929688,45.9900016784668,46.5099983215332,68900.0,45.71812438964844,46.27999877929688,-96.93014595876026,46.917999839782716,46.04449996948242,46.96360000610352,51.95190013885498,105440.0
2019-02-11,47.04999923706055,46.29999923706055,46.81999969482422,46.97000122070313,56800.0,46.17029571533203,46.77333323160806,2.3205780168923464,46.932999992370604,46.01875,46.85100006103516,51.829600143432614,105450.0
2019-02-12,47.68000030517578,46.58000183105469,46.75,47.31000137329102,42100.0,46.50451278686523,47.190001169840485,111.21478359784534,46.979000091552734,46.01625003814697,46.73740005493164,51.71420017242431,104773.33333333333
2019-02-13,48.40999984741211,47.34000015258789,47.63999938964844,47.36999893188477,83600.0,46.56348419189453,47.706666310628265,120.9472316410732,47.0204999923706,46.03725004196167,46.639400024414066,51.60040016174317,103886.66666666667
2019-02-14,57.9000015258789,49.849998474121094,50.61000061035156,55.63999938964844,305200.0,54.69268417358398,54.46333312988281,166.6666666666656,47.45399990081787,46.297249984741214,46.69459999084473,51.56430015563965,107780.0
2019-02-15,57.63000106811523,55.08000183105469,56.95000076293945,56.7400016784668,233200.0,55.77395629882813,56.48333485921225,100.3367140197722,47.91599998474121,46.56175003051758,46.77400001525879,51.541700172424314,109140.0
2019-02-19,57.11999893188477,55.77999877929688,56.5,56.63000106811523,154100.0,55.66583251953125,56.50999959309897,67.02284180087891,48.35249996185303,46.87300004959106,46.90560005187988,51.51850017547608,110193.33333333333
2019-02-20,58.52000045776367,56.099998474121094,56.77999877929688,57.93999862670898,133600.0,57.05932235717773,57.51999918619792,72.02637307019555,48.88649997711182,47.23500003814697,47.07440002441406,51.50590015411377,110571.66666666667
2019-02-21,58.540000915527344,56.61000061035156,58.06000137329102,57.36999893188477,86800.0,56.49798583984375,57.50666681925456,82.24761434240476,49.43099994659424,47.58900003433227,47.25199996948242,51.48960014343262,110223.33333333333
2019-02-22,58.5,57.52000045776367,57.75,58.29999923706055,85400.0,57.41384887695313,58.106666564941406,100.7929724364332,50.008999824523926,47.96075000762939,47.46379997253418,51.48510013580322,111010.0
2019-02-25,59.06000137329102,57.83000183105469,58.58000183105469,58.75,213400.0,57.85701370239258,58.54666773478189,109.95487545095756,50.57699985504151,48.33024997711182,47.69599998474121,51.467600135803224,113001.66666666667
2019-02-26,58.599998474121094,57.52000045776367,58.20000076293945,57.81000137329102,153800.0,56.9312973022461,57.97666676839194,9.037741028134462,51.13449993133545,48.65349998474121,47.892200012207034,51.43730014801025,113935.0
2019-02-27,58.61000061035156,57.29999923706055,57.72000122070313,58.61000061035156,83600.0,57.71913528442383,58.17333348592122,28.962840790371146,51.73150005340576,49.002250003814694,48.11620002746582,51.427600135803225,112516.66666666667
2019-02-28,58.9900016784668,57.290000915527344,58.349998474121094,57.77999877929688,135300.0,56.901756286621094,58.02000045776367,-61.717722346865045,52.25949993133545,49.32199993133545,48.34120002746582,51.40570011138916,112900.0
2019-03-01,58.66999816894531,57.45000076293945,58.2599983215332,58.540000915527344,81700.0,57.65020370483398,58.21999994913736,13.888708678452726,52.839999961853025,49.66224994659424,48.60720001220703,51.39530010223389,112146.66666666667
2019-03-04,59.86999893188477,58.36000061035156,58.5,59.68999862670898,198600.0,58.78272247314453,59.306666056315095,166.66666666665932,53.47849998474121,50.09049987792969,48.87779998779297,51.39960010528564,113260.0
2019-03-05,59.849998474121094,59.38999938964844,59.77000045776367,59.56000137329102,138400.0,58.65470504760742,59.59999974568686,98.81759364551417,54.08700008392334,50.46799993515015,49.18540000915527,51.409000129699706,113918.33333333333
2019-03-06,59.81000137329102,58.02999877929688,59.7400016784668,58.45000076293945,111900.0,57.56157684326172,58.763333638509124,-2.317073255432544,54.66200008392334,50.78549995422363,49.48520004272461,51.42510013580322,113703.33333333333
2019-03-07,58.459999084472656,57.43999862670898,58.31000137329102,57.77999877929688,145400.0,56.901756286621094,57.89333216349284,-102.77783731933336,55.20450000762939,51.07749996185303,49.77660003662109,51.447400131225585,114275.0
2019-03-08,58.06000137329102,56.68999862670898,57.540000915527344,56.70000076293945,109100.0,55.838172912597656,57.15000025431314,-113.66845374972327,55.722500038146975,51.32124996185303,50.04200004577637,51.46380012512207,114051.66666666667
2019-03-11,57.81000137329102,56.38000106811523,56.86999893188477,57.75,124300.0,56.87221145629883,57.31333414713541,-66.70942934394152,56.28450012207031,51.60124998092651,50.3176000213623,51.48750011444092,114423.33333333333
2019-03-12,57.93999862670898,57.06999969482422,57.77000045776367,57.6500015258789,186300.0,56.77372741699219,57.5533332824707,-25.453896138349535,56.8185001373291,51.87575006484985,50.573000030517576,51.50770011901855,116120.0
2019-03-13,58.43999862670898,57.31999969482422,58.0,57.43999862670898,70600.0,56.56692123413086,57.73333231608072,57.42604170544915,57.325,52.15200004577637,50.828600006103514,51.516600112915036,116055.0
2019-03-14,57.45000076293945,56.58000183105469,56.97000122070313,56.79999923706055,47400.0,55.93665313720703,56.943333943684905,-108.13284913564621,57.796500015258786,52.408500003814694,51.06479995727539,51.52200012207031,115260.0
2019-03-15,57.86000061035156,55.77999877929688,56.95000076293945,57.5099983215332,217200.0,56.63586044311523,57.04999923706055,-68.9598877887481,57.88999996185303,52.67199993133545,51.31639991760254,51.55160011291504,116321.66666666667
2019-03-18,57.97000122070313,56.77000045776367,57.56999969482422,57.13999938964844,138000.0,56.27148056030274,57.293333689371735,-5.4089319983818305,57.90999984741211,52.91299991607666,51.607999877929686,51.58120010375976,116830.0
2019-03-19,57.599998474121094,56.13999938964844,57.599998474121094,56.31000137329102,73400.0,55.45410537719727,56.68333307902017,-102.2659923044216,57.893999862670896,53.12324991226196,51.844999923706055,51.59310012817383,116080.0
2019-03-20,57.22999954223633,55.22999954223633,56.540000915527344,56.209999084472656,116600.0,55.35562133789063,56.22333272298178,-133.07381752452557,57.80749988555908,53.346999931335446,52.05419990539551,51.61730010986328,115745.0
2019-03-21,58.11999893188477,56.18999862670898,56.18999862670898,57.36000061035156,154900.0,56.488136291503906,57.22333272298178,62.05936386568989,57.80699996948242,53.61899995803833,52.279399948120115,51.685500106811524,110610.0
2019-03-22,57.06999969482422,54.77000045776367,56.72000122070313,54.9900016784668,85600.0,54.15416717529297,55.61000061035156,-120.37030211670195,57.641500091552736,53.82524995803833,52.44019996643066,51.662100105285646,111141.66666666667
2019-03-25,56.16999816894531,54.959999084472656,55.2400016784668,55.18999862670898,137400.0,54.35112380981445,55.43999862670898,-92.47222453156859,57.463500022888184,54.020249938964845,52.61299995422363,51.63280010223389,111743.33333333333
2019-03-26,56.20000076293945,55.47000122070313,55.58000183105469,55.75,62700.0,54.902610778808594,55.80666732788086,-31.941550159718037,57.360499954223634,54.24749994277954,52.79459999084472,51.62790008544922,111100.0
2019-03-27,55.97999954223633,54.7599983215332,55.97999954223633,55.84000015258789,55700.0,54.99124526977539,55.52666600545248,-50.52062915762011,57.221999931335446,54.47674999237061,52.983600006103515,51.61090007781982,110568.33333333333
2019-03-28,57.18999862670898,55.6500015258789,55.93000030517578,56.90999984741211,77000.0,56.04498291015625,56.58333333333334,163.90024942707637,57.17849998474121,54.71899995803833,53.19099998474121,51.6117000579834,110480.0
2019-03-29,58.06000137329102,56.86999893188477,57.70000076293945,57.06000137329102,146500.0,56.19269561767578,57.33000055948894,121.30459161732,57.1045000076294,54.97224998474121,53.39279998779297,51.60400005340576,111075.0
2019-04-01,58.20000076293945,57.1500015258789,57.93000030517578,57.65999984741211,58300.0,56.78357696533203,57.67000071207681,98.78787929229678,57.00300006866455,55.240750026702884,53.59599998474121,51.59540004730225,109895.0
2019-04-02,57.70000076293945,56.6500015258789,57.70000076293945,56.77000045776367,127500.0,55.90710830688477,57.040000915527344,22.580692266075662,56.86350002288818,55.47525005340576,53.77339996337891,51.58860004425049,109335.0
2019-04-03,57.81999969482422,56.72999954223633,57.56000137329102,56.790000915527344,121500.0,55.92679977416992,57.113333384195954,-8.034115922760364,56.78050003051758,55.72125005722046,53.96400001525879,51.58080005645752,108883.33333333333
2019-04-04,57.18000030517578,56.290000915527344,56.36000061035156,57.0099983215332,120600.0,56.14345932006836,56.82666651407877,-101.24277337774208,56.74200000762939,55.973250007629396,54.174599990844726,51.56280002593994,108380.0
2019-04-05,58.13000106811523,56.88999938964844,57.09000015258789,57.959999084472656,85400.0,57.07901382446289,57.65999984741211,82.2993316233856,56.804999923706056,56.26374998092651,54.39899993896484,51.5625,107791.66666666667
2019-04-08,58.77000045776367,57.209999084472656,58.27999877929688,58.290000915527344,73800.0,57.40400695800781,58.09000015258789,117.2023028888107,56.831999969482425,56.55825004577637,54.61699996948242,51.58030002593994,107653.33333333333
2019-04-09,58.1500015258789,57.18999862670898,58.13999938964844,57.43999862670898,78100.0,56.56692123413086,57.59333292643228,23.401776673654677,56.821499824523926,56.81999998092651,54.83259994506836,51.59590000152588,107916.66666666667
2019-04-10,58.790000915527344,57.61000061035156,57.61000061035156,58.43999862670898,99200.0,57.55172348022461,58.28000005086264,99.32658419045605,56.87149982452392,57.09824991226196,55.06799995422363,51.62719997406006,108253.33333333333
2019-04-11,58.4900016784668,57.68000030517578,58.27000045776367,58.27999877929688,48400.0,57.3941535949707,58.15000025431314,49.627401806825546,56.94549980163574,57.37099990844727,55.289199905395506,51.662699966430665,107923.33333333333
2019-04-12,59.06000137329102,57.88000106811523,57.88000106811523,58.38999938964844,57500.0,57.502479553222656,58.443333943684905,102.5958463377803,56.9894998550415,57.43974990844727,55.51839988708496,51.68709995269776,107763.33333333333
2019-04-15,58.790000915527344,57.79999923706055,58.75,58.599998474121094,60500.0,57.70929718017578,58.396666208902985,62.01535651073497,57.062499809265134,57.48624982833862,55.751999893188476,51.706599922180175,106745.0
2019-04-16,59.22999954223633,58.29999923706055,58.29999923706055,58.88999938964844,110300.0,57.99488067626953,58.806666056315095,155.53763773438718,57.19149971008301,57.54274978637695,55.98199989318848,51.735799903869626,107228.33333333333
2019-04-17,60.43000030517578,58.599998474121094,59.08000183105469,60.2400016784668,115800.0,59.32436752319336,59.75666681925456,152.6562410111597,57.39299983978272,57.6002498626709,56.24779991149902,51.798799934387205,107763.33333333333
2019-04-18,60.40999984741211,59.45000076293945,60.04999923706055,59.58000183105469,53900.0,58.674400329589844,59.81333414713541,86.51688944200936,57.503999900817874,57.65549993515015,56.5007999420166,51.859299964904785,107136.66666666667
2019-04-22,59.36000061035156,58.18999862670898,59.36000061035156,58.5,59800.0,57.61081314086914,58.68333307902017,-49.01487950717943,57.679499816894534,57.66049995422363,56.74399993896484,51.91419998168945,107083.33333333333
2019-04-23,59.2400016784668,58.11999893188477,58.11999893188477,59.209999084472656,119500.0,58.31001663208008,58.856666564941406,-45.244668427702386,57.880499839782715,57.67199993133545,56.99799995422363,51.980799980163575,108250.0
2019-04-24,59.40999984741211,58.63000106811523,58.65999984741211,58.66999816894531,98700.0,57.77822494506836,58.90333302815755,-42.83535812019231,58.02649974822998,57.693499851226804,57.23199989318848,52.04149997711182,108728.33333333333
2019-04-25,58.61000061035156,57.290000915527344,58.40999984741211,58.02000045776367,89800.0,57.13810729980469,57.97333399454752,-140.48072067080412,58.13549976348877,57.67874984741211,57.44619987487793,52.09179996490479,109080.0
2019-04-26,58.459999084472656,57.47999954223633,57.54999923706055,57.61999893188477,114200.0,56.74418258666992,57.85333251953125,-92.58129065513245,58.170999717712405,57.67474985122681,57.65119987487793,52.145299949645995,109396.66666666667
2019-04-29,58.27000045776367,56.91999816894531,57.36999893188477,58.040000915527344,56000.0,57.15780258178711,57.74333318074545,-70.93739533052694,58.21999969482422,57.662249851226804,57.69919990539551,52.19689994812012,108970.0
2019-04-30,58.4000015258789,57.349998474121094,58.08000183105469,58.02999877929688,193000.0,57.14795303344727,57.92666625976562,-31.039181321597887,58.23849964141846,57.6207498550415,57.72499984741211,52.24949993133545,111211.66666666667
2019-05-01,59.02999877929688,57.97999954223633,58.22999954223633,58.13000106811523,246200.0,57.246437072753906,58.37999979654947,166.66666666664767,58.30649967193604,57.58499984741211,57.75499984741211,52.330299949646,112720.0
2019-05-02,71.88999938964844,61.0,61.54999923706055,68.30999755859375,536400.0,67.27169799804689,67.06666564941406,166.666666666666,58.88249950408935,57.83149976730347,57.962399826049804,52.51839992523193,120188.33333333333
2019-05-03,71.97000122070312,68.48000335693361,69.06999969482422,70.4000015258789,366000.0,69.32994079589844,70.28333536783855,104.29156559923372,59.55199966430664,58.14699983596802,58.22299987792969,52.73749992370605,124363.33333333333
2019-05-06,71.44000244140625,68.40000152587889,68.40000152587889,70.95999908447266,176900.0,69.88142395019531,70.26666768391928,68.89012069813008,60.20199966430664,58.503499794006345,58.47619987487793,52.969999923706055,126363.33333333333
2019-05-07,71.66000366210938,69.45999908447266,71.66000366210938,70.6500015258789,155100.0,69.57613372802734,70.59000142415364,59.36486977922764,60.81999969482422,58.82599983215332,58.71419990539551,53.20509994506836,127800.0
2019-05-08,70.7699966430664,68.62999725341797,70.31999969482422,68.79000091552734,140400.0,67.74442291259766,69.39666493733722,-8.016673765988418,61.38749980926514,59.10449981689453,58.93379989624023,53.412999954223636,129193.33333333333
2019-05-09,69.47000122070311,67.0,68.30000305175781,68.91999816894531,129300.0,67.87242889404297,68.46333312988281,-128.03305675607285,61.91149978637695,59.39149980545044,59.139999847412106,53.62809993743897,130646.66666666667
2019-05-10,69.13999938964844,67.91999816894531,68.98999786376953,68.08999633789061,77000.0,67.0550537109375,68.38333129882811,-85.67494440008544,62.40199966430664,59.67374973297119,59.34619979858398,53.8436999130249,130536.66666666667
2019-05-13,67.72000122070311,65.93000030517578,67.05000305175781,66.47000122070311,91600.0,65.45966339111328,66.70666758219403,-129.75439723933286,62.805999755859375,59.89774980545044,59.5047998046875,54.05599990844726,126976.66666666667
2019-05-14,68.06999969482422,65.36000061035156,66.94000244140625,66.40000152587889,89900.0,65.39073181152344,66.61000061035156,-86.54614469736539,63.19599990844726,60.1292498588562,59.6389998626709,54.258399925231934,124588.33333333333
2019-05-15,66.88999938964844,65.56999969482422,65.58999633789061,66.12999725341797,77400.0,65.12483978271484,66.19666544596355,-77.83257466385844,63.557999801635745,60.374749755859376,59.770399780273436,54.477899894714355,123310.0
2019-05-16,67.48999786376953,65.80999755859375,66.77999877929689,66.47000122070311,87400.0,65.45966339111328,66.58999888102214,-34.46996249533867,63.86949977874756,60.631249809265135,59.93079978942871,54.70799991607666,122540.0
2019-05-17,67.0,65.68000030517578,66.12000274658203,66.37999725341797,84100.0,65.47937774658203,66.35333251953125,-53.158723814466974,64.20949954986573,60.8567497253418,60.10279975891113,54.93969989776611,122495.0
2019-05-20,65.91999816894531,62.849998474121094,65.66999816894531,63.77999877929688,168000.0,62.9146728515625,64.18333180745442,-166.66666666667058,64.47349948883057,61.07649965286255,60.24439971923828,55.143199882507325,123871.66666666667
2019-05-21,65.54000091552734,63.95000076293945,64.23999786376953,64.94000244140625,201200.0,64.05893707275389,64.81000137329103,-60.2260364963589,64.75999965667725,61.32024974822998,60.38819976806641,55.352899894714355,123668.33333333333
2019-05-22,65.87999725341797,64.31999969482422,64.79000091552734,65.86000061035156,200700.0,64.96645355224611,65.35333251953125,-8.604648187186461,65.11949977874755,61.57299976348877,60.55239974975586,55.56269989013672,124450.0
2019-05-23,65.20999908447266,62.91999816894531,65.20999908447266,63.33000183105469,64300.0,62.47078323364258,63.81999969482422,-95.15452432482428,65.3849998474121,61.76024980545044,60.67019981384277,55.74939990997314,124128.33333333333
2019-05-24,64.12000274658203,63.09000015258789,64.12000274658203,63.849998474121094,117600.0,62.98372268676758,63.68666712443034,-80.16865374773697,65.69649982452393,61.933749771118165,60.811199798583985,55.937999877929684,123833.33333333333
2019-05-28,64.90000152587889,63.79999923706055,64.37999725341797,64.05999755859375,156200.0,63.19087219238281,64.25333277384439,-15.702280772203892,65.99749965667725,62.10874967575073,60.942199783325194,56.129299850463866,125075.0
2019-05-29,63.84000015258789,62.540000915527344,63.02000045776367,63.63999938964844,140300.0,62.776573181152344,63.34000015258789,-87.77675382370094,66.27799968719482,62.25824966430664,61.072199783325196,56.340099830627445,124103.33333333333
2019-05-30,63.70000076293945,61.86999893188477,63.45000076293945,62.040000915527344,87800.0,61.19828414916992,62.53666687011719,-140.1622481001939,66.47349967956544,62.38999967575073,61.18679977416992,56.51589984893799,123260.0
2019-05-31,61.79999923706055,59.88000106811523,60.93999862670898,60.45000076293945,155100.0,59.62984848022461,60.71000035603842,-142.70237710419858,66.08049983978272,62.481499671936035,61.27159980773926,56.662899856567385,123980.0
2019-06-03,61.97000122070313,59.95000076293945,60.68999862670898,61.86999893188477,151800.0,61.03058242797852,61.263333638509124,-67.25553885652471,65.65399971008301,62.602999687194824,61.361799774169924,56.82059986114502,124086.66666666667
2019-06-04,63.58000183105469,62.099998474121094,62.72000122070313,63.15999984741211,169700.0,62.3030891418457,62.9466667175293,55.9503445932681,65.26399974822998,62.73299970626831,61.52519973754883,56.98269985198974,125096.66666666667
2019-06-05,63.72000122070313,62.36999893188477,63.47000122070313,63.40999984741211,70100.0,62.54969024658203,63.16666666666666,76.30345283780758,64.90199966430664,62.86099967956543,61.68959976196289,57.15129985809326,124193.33333333333
2019-06-06,64.48000335693361,62.40999984741211,63.41999816894531,63.47999954223633,172000.0,62.61874008178711,63.456667582194,72.3651408486696,64.63649959564209,63.011999702453615,61.84419975280762,57.31939987182617,123955.0
2019-06-07,64.48000335693361,62.70000076293945,63.47000122070313,62.790000915527344,124200.0,61.93810653686523,63.32333501180014,52.2960245628366,64.32999973297119,63.12074975967407,61.983199768066406,57.483399887084964,124848.33333333333
2019-06-10,64.94000244140625,63.040000915527344,63.08000183105469,63.959999084472656,71300.0,63.09222412109375,63.98000081380209,146.78301425804858,64.1234998703003,63.26274976730347,62.12419975280762,57.65759986877441,125246.66666666667
2019-06-11,65.36000061035156,64.26000213623047,64.94999694824219,65.19000244140625,90100.0,64.3055419921875,64.93666839599611,141.4681924461191,64.05949993133545,63.43274984359741,62.28679977416992,57.839799880981445,123128.33333333333
2019-06-12,65.29000091552734,63.40999984741211,65.29000091552734,63.709999084472656,92500.0,62.845619201660156,64.13666661580403,24.56633155379748,63.92499980926514,63.560499858856204,62.40779975891113,58.00189987182617,122370.0
2019-06-13,64.83999633789061,63.38999938964844,64.26000213623047,64.37000274658203,85600.0,63.49666976928711,64.1999994913737,15.216664166492972,63.83700008392334,63.697499942779544,62.5597998046875,58.166599884033204,122573.33333333333
2019-06-14,64.90000152587889,62.54999923706055,64.08999633789061,62.68999862670898,60900.0,61.83945846557617,63.37999979654947,-139.3035711066197,63.647999954223636,63.758749866485594,62.677799758911135,58.32089988708496,121645.0
2019-06-17,65.29000091552734,62.77000045776367,62.77000045776367,64.66999816894531,136600.0,63.79258728027344,64.24333318074544,12.668179053642636,63.5625,63.88599977493286,62.830999755859374,58.50279987335205,121340.0
2019-06-18,68.22000122070311,64.84999847412111,65.12999725341797,67.83999633789061,133900.0,66.91958618164061,66.96999867757161,166.6666666666647,63.765499877929685,64.11949968338013,63.028599700927735,58.71379981994629,122145.0
2019-06-19,67.73000335693361,66.08999633789061,67.73000335693361,66.33000183105469,179400.0,65.43007659912111,66.71666717529297,77.2716106917247,63.83499984741211,64.29749975204467,63.18939971923828,58.90319984436035,122845.0
2019-06-20,68.36000061035156,66.77999877929689,67.54000091552734,67.48000335693361,204600.0,66.56446838378906,67.54000091552734,75.31918516859514,63.91599998474121,64.51774988174438,63.39019981384277,59.11139987945557,125210.0
2019-06-21,67.91000366210939,67.0,67.08000183105469,67.09999847412111,251000.0,66.18962097167969,67.33666737874347,55.74732656715341,64.10449981689453,64.74474983215332,63.56339981079102,59.315699882507325,128465.0
2019-06-24,67.62999725341797,64.83999633789061,67.16999816894531,65.15000152587889,140000.0,64.26609039306639,65.87333170572917,-142.6562726074906,64.16949996948242,64.93299989700317,63.70079986572266,59.49499988555908,129515.0
2019-06-25,66.20999908447266,65.20999908447266,65.51999664306639,65.59999847412111,180200.0,64.70998382568361,65.67333221435547,-93.08368427802868,64.24650001525879,65.12199983596801,63.84499984741211,59.68169986724853,130076.66666666667
2019-06-26,66.19000244140625,64.91000366210939,65.62000274658203,64.94000244140625,106500.0,64.05893707275389,65.34666951497395,-77.41549309758858,64.31150016784667,65.29474992752075,63.97179992675781,59.86189990997315,130880.0
2019-06-27,65.98999786376953,64.73999786376953,65.33999633789061,65.19999694824219,111300.0,64.31540679931639,65.30999755859375,-69.76221203625882,64.46949996948243,65.47149982452393,64.09799987792968,60.039999885559084,130610.0
2019-06-28,67.80999755859375,65.36000061035156,65.36000061035156,67.80999755859375,492700.0,66.88998413085939,66.99333190917969,161.89686175450154,64.83749980926514,65.45899982452393,64.24939979553223,60.24859985351563,136796.66666666666
2019-07-01,67.91000366210939,66.22000122070311,67.91000366210939,66.65000152587889,104400.0,65.74574279785156,66.92666880289714,80.28099449630822,65.07649993896484,65.36524982452393,64.39079978942871,60.445799865722655,136526.66666666666
2019-07-02,67.19999694824219,65.73999786376953,67.19999694824219,66.19000244140625,75600.0,65.29197692871094,66.37666575113933,17.974398810278593,65.22800006866456,65.24599990844726,64.54459983825683,60.64429988861084,136363.33333333334
2019-07-03,66.72000122070311,65.66999816894531,66.30999755859375,66.72000122070311,84100.0,65.81478881835939,66.37000020345053,-3.738577881191,65.3935001373291,65.14774990081787,64.69479988098145,60.84639991760254,136535.0
2019-07-05,66.63999938964844,65.19999694824219,66.05000305175781,66.12999725341797,98400.0,65.23278045654297,65.98999786376953,-105.2360134449598,65.52600002288818,65.08124980926513,64.8439998626709,61.037999877929686,136873.33333333334
2019-07-08,66.51999664306639,64.86000061035156,66.22000122070311,65.45999908447266,119100.0,64.57187652587889,65.6133321126302,-117.9278115210498,65.65949993133545,64.99474983215332,64.99279983520508,61.219499855041505,137205.0
2019-07-09,65.12999725341797,62.75,65.05000305175781,64.26000213623047,184600.0,63.388160705566406,64.04666646321614,-160.19096245966205,65.67450008392333,64.89899997711181,65.125599899292,61.38839988708496,139475.0
2019-07-10,65.80000305175781,64.30000305175781,64.98000335693361,64.37000274658203,102800.0,63.49666976928711,64.82333628336589,-48.67289821111864,65.63350009918213,64.84650001525878,65.25219993591308,61.4756999206543,140230.0
2019-07-11,64.87999725341797,63.81999969482422,64.37000274658203,64.33999633789061,87200.0,63.46707153320313,64.34666442871094,-61.41422789342668,65.66499996185303,64.79499988555908,65.37839988708497,61.55169986724854,140675.0
2019-07-12,65.0,63.9000015258789,64.52999877929689,64.04000091552734,121900.0,63.171142578125,64.31333414713542,-44.56360773956687,65.6484998703003,64.74274997711181,65.4965998840332,61.625799865722655,140868.33333333334
2019-07-15,64.88999938964844,63.4000015258789,64.69999694824219,64.05999755859375,183400.0,63.19087219238281,64.11666615804036,-69.3178543944029,65.71699981689453,64.68249988555908,65.41159988403321,61.686999855041506,141995.0
2019-07-16,64.58999633789061,63.5,63.68999862670898,64.15000152587889,136800.0,63.2796516418457,64.07999928792317,-85.67619471718334,65.69099998474121,64.6267499923706,65.28659988403321,61.754799880981444,143376.66666666666
2019-07-17,64.59999847412111,62.7599983215332,63.9000015258789,62.79999923706055,121100.0,61.94796752929688,63.38666534423828,-166.66666666667382,65.4390001296997,64.6022500038147,65.12339988708496,61.799799880981446,144398.33333333334
2019-07-18,63.04999923706055,62.27999877929688,62.86000061035156,62.959999084472656,119800.0,62.10579681396485,62.76333236694336,-122.86481500800151,65.2704999923706,64.55274991989135,64.96959983825684,61.84189987182617,144403.33333333334
2019-07-19,64.18000030517578,62.56999969482422,63.41999816894531,63.2400016784668,175900.0,62.38199996948242,63.33000055948892,-30.39256827382865,65.05849990844726,64.48724994659423,64.85859985351563,61.89619987487793,145690.0
2019-07-22,64.20999908447266,62.72999954223633,63.40999984741211,62.81000137329102,111000.0,61.95783233642578,63.25,-25.134576136542858,64.84400005340576,64.47424993515014,64.73639991760254,61.93819988250733,146043.33333333334
2019-07-23,64.27999877929689,62.349998474121094,63.6500015258789,62.849998474121094,114200.0,61.99728393554688,63.159998575846345,-6.9340317718368585,64.72899990081787,64.44924993515015,64.63159996032715,61.988899879455566,146043.33333333334
2019-07-24,63.7400016784668,61.65999984741211,62.31999969482422,63.349998474121094,225000.0,62.49050521850586,62.91666666666666,-57.14921000542662,64.61649990081787,64.43149995803833,64.56919990539551,62.0369998550415,148860.0
2019-07-25,65.73000335693361,60.40999984741211,63.81999969482422,60.72999954223633,267900.0,59.90605163574219,62.290000915527344,-150.97867851882557,64.40599975585937,64.35874996185302,64.45579986572265,62.04739986419678,150108.33333333334
2019-07-26,63.38999938964844,61.27000045776367,61.27000045776367,63.04999923706055,189800.0,62.19457244873047,62.56999969482422,-54.69185410317544,64.29849987030029,64.38399991989135,64.39419990539551,62.08229984283447,149168.33333333334
2019-07-29,63.93999862670898,62.88000106811523,63.290000915527344,63.29999923706055,194800.0,62.44118118286133,63.37333297729492,98.63693082888729,64.07299995422363,64.45524988174438,64.33079986572265,62.130799827575686,143475.0
2019-07-30,63.90999984741211,62.20000076293945,62.97000122070313,62.25,193200.0,61.40542984008789,62.78666687011719,-0.15530178734845768,63.85299987792969,64.46474990844726,64.2481999206543,62.17549983978272,140595.0
2019-07-31,63.70000076293945,61.6500015258789,62.27999877929688,62.13000106811523,277500.0,61.28705596923828,62.4933344523112,-46.23073033893614,63.64999980926514,64.43899993896484,64.21519996643066,62.229799842834474,142271.66666666666
2019-08-01,62.93999862670898,60.86000061035156,61.72999954223633,61.43000030517578,157100.0,60.5965576171875,61.74333318074545,-145.54804199269532,63.38549976348877,64.38949995040893,64.14499992370605,62.26659984588623,142305.0
2019-08-02,61.31000137329102,59.13999938964844,60.58000183105469,59.2400016784668,118000.0,58.43626403808594,59.89666748046875,-145.45206677855714,63.04099998474121,64.2835000038147,64.01259994506836,62.28249984741211,141931.66666666666
2019-08-05,59.20000076293945,57.59000015258789,58.7400016784668,58.36999893188477,124800.0,57.57807159423828,58.386666615804046,-116.10813930363942,62.686499977111815,64.17299995422363,63.913399887084964,62.29179985046387,141856.66666666666
2019-08-06,59.13999938964844,57.70000076293945,58.52000045776367,58.97999954223633,146000.0,58.17979049682617,58.606666564941406,-71.25668951790503,62.42249984741211,64.04849996566773,63.81599990844727,62.313599853515626,143006.66666666666
2019-08-07,59.38000106811523,58.27000045776367,58.47999954223633,59.18000030517578,154200.0,58.37708282470703,58.943333943684905,-36.53548585942114,62.1629997253418,63.89824991226196,63.71839996337891,62.330299873352054,144050.0
2019-08-08,60.349998474121094,58.83000183105469,58.83000183105469,60.0,149900.0,59.18595886230469,59.72666676839194,73.20942506826451,61.94599990844726,63.805499935150145,63.64559997558594,62.358899879455564,145050.0
2019-08-09,59.77999877929688,58.68999862670898,59.22000122070313,58.9900016784668,112800.0,58.18966293334961,59.15333302815755,33.2167316054584,61.69349994659424,63.670999908447264,63.58459999084473,62.385699882507325,145640.0
2019-08-12,59.1500015258789,57.88000106811523,59.099998474121094,57.88999938964844,79100.0,57.10458374023438,58.30666732788086,-108.367148571453,61.38500003814697,63.55099992752075,63.533399963378905,62.40249988555908,145501.66666666666
2019-08-13,59.91999816894531,57.75,57.86999893188477,59.41999816894531,131400.0,58.61382293701172,59.02999877929688,-0.4087398968202242,61.14849987030029,63.419749927520755,63.484399948120114,62.42309986114502,146290.0
2019-08-14,58.95000076293945,57.38999938964844,58.52999877929688,57.7599983215332,90300.0,56.97634887695313,58.03333282470703,-100.08177917068599,60.89649982452393,63.16774997711182,63.37639991760254,62.450799827575686,144995.0
2019-08-15,58.06000137329102,56.9900016784668,57.72000122070313,57.849998474121094,86000.0,57.06512451171875,57.633333841959626,-100.70671775015423,60.64099979400635,62.955749893188475,63.26519989013672,62.477399826049805,143075.0
2019-08-16,59.22000122070313,56.790000915527344,58.099998474121094,59.11999893188477,79400.0,58.3178939819336,58.37666702270508,18.95087964015464,60.43499965667725,62.746749782562254,63.177999877929686,62.51109981536865,141053.33333333334
2019-08-19,60.77000045776367,59.68000030517578,59.68000030517578,60.38000106811523,112400.0,59.56079864501953,60.27666727701822,136.15828333923062,60.31349964141846,62.57874984741211,63.129799880981444,62.556499824523925,141855.0
2019-08-20,60.70000076293945,59.65999984741211,60.02000045776367,60.16999816894531,128900.0,59.46197509765625,60.17666625976562,80.19417530912796,60.17949962615967,62.45424976348877,63.0539998626709,62.58909980773926,142043.33333333334
2019-08-21,61.65999984741211,60.5,60.72999954223633,61.29999923706055,123000.0,60.57868194580078,61.15333302815755,89.4621208866458,60.07699966430664,62.346749782562256,62.976199798583984,62.631499786376956,141490.0
2019-08-22,61.93000030517578,60.34000015258789,61.459999084472656,60.86000061035156,82400.0,60.14385986328125,61.043333689371735,75.19742470092879,60.0834997177124,62.24474973678589,62.919199829101565,62.66349979400635,140525.0
2019-08-23,60.58000183105469,57.77000045776367,60.52999877929688,57.93000030517578,135600.0,57.24833679199219,58.760000864664704,-155.36951091955834,59.82749977111816,62.06299982070923,62.79039978027344,62.67509979248047,141321.66666666666
2019-08-26,58.83000183105469,57.93000030517578,58.52000045776367,58.290000915527344,72400.0,57.6041030883789,58.350001017252595,-96.06625388305838,59.57699985504151,61.82499990463257,62.702399826049806,62.69009979248047,139943.33333333334
2019-08-27,58.849998474121094,57.52000045776367,58.77999877929688,57.86000061035156,68400.0,57.179161071777344,58.07666651407877,-71.94248684700447,59.35749988555908,61.605249881744385,62.56619987487793,62.69859981536865,138553.33333333334
2019-08-28,59.81000137329102,57.63000106811523,57.7400016784668,59.02999877929688,62600.0,58.33539199829102,58.82333374023438,-15.360235979937839,59.20249977111816,61.42624979019165,62.38999992370606,62.70929981231689,136768.33333333334
2019-08-29,59.91999816894531,58.77999877929688,59.72000122070313,59.27999877929688,167500.0,58.58245086669922,59.32666524251303,121.02279511803509,59.09499969482422,61.240249729156496,62.2489998626709,62.71919979095459,138391.66666666666
2019-08-30,59.7599983215332,58.36000061035156,59.7599983215332,58.84000015258789,104600.0,58.14762878417969,58.986666361490876,45.72764917378415,59.07499961853027,61.057999801635745,62.076199798583986,62.73319980621338,137268.33333333334
2019-09-03,58.97999954223633,57.6500015258789,58.31000137329102,58.04999923706055,132100.0,57.366920471191406,58.22666676839194,-71.68010741535491,59.058999633789064,60.87274980545044,61.89519981384277,62.729299812316896,137400.0
2019-09-04,59.9900016784668,58.38999938964844,58.90999984741211,59.709999084472656,85000.0,59.00738525390625,59.363333384195954,82.87089024629539,59.09549961090088,60.75899972915649,61.78639976501465,62.743599815368654,137628.33333333334
2019-09-05,62.41999816894531,60.0099983215332,60.36000061035156,61.34000015258789,108900.0,60.61821365356445,61.2566655476888,166.6666666666644,59.20349960327148,60.68324966430664,61.701199798583986,62.77309982299805,137941.66666666666
2019-09-06,62.11999893188477,61.25,61.25,61.47999954223633,109500.0,60.756568908691406,61.616666158040374,93.03162850844545,59.2774995803833,60.611749744415285,61.631999740600584,62.8018998336792,138225.0
2019-09-09,62.790000915527344,61.41999816894531,61.68999862670898,62.77000045776367,89500.0,62.03139114379883,62.32666651407877,83.60121207723613,59.46649951934815,60.57999973297119,61.583399810791015,62.84069984436035,138290.0
2019-09-10,64.58999633789061,61.90999984741211,62.97000122070313,64.08000183105469,109700.0,63.325965881347656,63.52666600545248,121.54014134654044,59.77599964141846,60.58049983978272,61.508799896240234,62.87909984588623,139103.33333333334
2019-09-11,65.68000030517578,63.43000030517578,64.52999877929689,65.26000213623047,176100.0,64.49208068847656,64.79000091552734,119.51129824436121,60.067999839782715,60.60824985504151,61.48099990844727,62.935899848937986,139761.66666666666
2019-09-12,66.43000030517578,64.87999725341797,65.44000244140625,66.30999755859375,132000.0,65.52972412109375,65.87333170572917,109.80769203041142,60.495499801635745,60.69599981307984,61.48339981079101,63.01399982452393,139730.0
2019-09-13,68.75,66.68000030517578,67.0,67.26999664306639,238100.0,66.47843170166016,67.56666564941406,120.40283131272136,60.966499710083006,60.80374975204468,61.49439971923828,63.09459980010986,140708.33333333334
2019-09-16,67.76000213623047,65.59999847412111,67.13999938964844,66.88999938964844,88200.0,66.10289764404297,66.75,56.635750493152074,61.354999732971194,60.89499969482422,61.50959976196289,63.176799812316894,138768.33333333334
2019-09-17,66.58999633789061,65.47000122070311,66.30999755859375,66.22000122070311,99400.0,65.4407958984375,66.09333292643228,-10.714705356050864,61.646999740600585,60.98024969100952,61.5247998046875,63.25879981994629,136241.66666666666
2019-09-18,66.29000091552734,64.31999969482422,66.05999755859375,65.19000244140625,111200.0,64.42291259765625,65.26666768391928,-102.48841201253764,61.897999954223636,61.03874979019165,61.543399810791016,63.33449985504151,135761.66666666666
2019-09-19,65.97000122070311,64.19999694824219,65.08999633789061,64.41999816894531,90500.0,63.66196823120117,64.8633321126302,-98.751807270147,62.05399990081787,61.065499782562256,61.54439971923828,63.398299827575684,134266.66666666666
2019-09-20,64.91999816894531,63.540000915527344,64.36000061035156,64.01999664306639,191500.0,63.26667022705078,64.15999857584636,-106.08604898828828,62.21199970245361,61.147749710083005,61.5379997253418,63.45819980621338,135683.33333333334
2019-09-23,64.30999755859375,63.209999084472656,63.209999084472656,63.81000137329102,51700.0,63.05914688110352,63.77666600545248,-101.82678889591749,62.50599975585938,61.16674976348877,61.53339973449707,63.514999809265134,134690.0
2019-09-24,63.709999084472656,60.849998474121094,63.61999893188477,61.22000122070313,143500.0,60.49962615966797,61.92666625976562,-150.5376254682704,62.652499771118165,61.11474981307983,61.476599807739255,63.44409984588623,128870.0
2019-09-25,63.040000915527344,60.849998474121094,61.22000122070313,62.38999938964844,95100.0,61.65585708618164,62.09333292643228,-78.20449538389137,62.87899971008301,61.11824979782104,61.44139976501465,63.36399982452392,128715.0
2019-09-26,62.33000183105469,60.040000915527344,62.33000183105469,60.83000183105469,76900.0,60.11421203613281,61.06666819254556,-93.98674319688094,62.9689998626709,61.085749816894534,61.40199981689453,63.262699851989744,128736.66666666667
2019-09-27,62.599998474121094,60.72999954223633,60.9900016784668,61.68999862670898,81400.0,60.96409225463867,61.67333221435547,-43.33077293547144,63.0894998550415,61.09224977493286,61.37659980773926,63.17309982299805,128691.66666666667
2019-09-30,62.08000183105469,61.099998474121094,61.540000915527344,61.36000061035156,128500.0,60.637977600097656,61.513333638509124,-32.29738814610193,63.21549987792969,61.14524974822998,61.33899978637695,63.09879981994629,129193.33333333333
2019-10-01,61.93999862670898,59.97000122070313,61.63999938964844,60.13999938964844,132400.0,59.43232727050781,60.68333307902017,-113.41302300387943,63.319999885559085,61.18949975967407,61.2855997467041,63.01099983215332,129415.0
2019-10-02,59.97000122070313,58.27000045776367,59.72000122070313,59.06999969482422,108700.0,58.374916076660156,59.103333791097015,-155.30851315051285,63.28799991607666,61.19174976348877,61.20999977111816,62.92079986572266,128150.0
2019-10-03,59.13999938964844,57.790000915527344,58.77000045776367,58.790000915527344,141900.0,58.09821701049805,58.57333374023438,-98.34580277850507,63.16049995422363,61.18199977874756,61.11879981994629,62.8439998626709,128801.66666666667
2019-10-04,58.9900016784668,57.97999954223633,58.9000015258789,58.72000122070313,85700.0,58.0290412902832,58.56333414713541,-66.38316721718529,63.02250003814697,61.14999980926514,61.07859985351563,62.76719985961914,128776.66666666667
2019-10-07,59.27999877929688,57.849998474121094,58.65999984741211,58.65999984741211,107400.0,57.96975326538086,58.5966657002767,-53.538887967467794,62.817000007629396,61.14174976348877,60.99079986572266,62.69249988555908,128535.0
2019-10-08,58.47000122070313,57.0099983215332,58.18000030517578,58.06000137329102,77000.0,57.376808166503906,57.84666697184245,-166.66666666667524,62.515999984741214,61.14599981307983,60.88599990844727,62.608399887084964,126761.66666666667
2019-10-09,58.959999084472656,57.849998474121094,58.65999984741211,58.22000122070313,60600.0,57.5349235534668,58.34333292643228,-11.891185022874456,62.16399993896484,61.11599988937378,60.80539993286133,62.52679992675781,125491.66666666667
2019-10-10,58.83000183105469,58.2400016784668,58.709999084472656,58.40999984741211,93400.0,57.72269058227539,58.4933344523112,37.96209219322859,61.76900005340576,61.13224992752075,60.73099990844727,62.47309993743897,125030.0
2019-10-11,62.0,58.90999984741211,59.599998474121094,61.459999084472656,98600.0,60.73679733276367,60.78999964396159,166.66666666666276,61.47850017547607,61.22249994277954,60.7315998840332,62.43829990386963,124676.66666666667
2019-10-14,61.7400016784668,59.75,60.75,61.20000076293945,101900.0,60.47985458374024,60.89666748046875,86.16542341939291,61.194000244140625,61.27449998855591,60.77079986572266,62.391699905395505,123443.33333333333
2019-10-15,63.18999862670898,61.36999893188477,61.38000106811523,61.88999938964844,139600.0,61.16173934936523,62.149998982747405,97.85068303516898,60.97750015258789,61.312249946594235,60.84119987487793,62.37729988098145,123920.0
2019-10-16,62.79999923706055,61.599998474121094,61.68000030517578,62.02999877929688,77100.0,61.30009078979492,62.14333216349284,83.04509980678569,60.81949996948242,61.35874996185303,60.90219985961914,62.359099884033206,123301.66666666667
2019-10-17,63.11000061035156,61.88999938964844,62.41999816894531,62.27999877929688,89600.0,61.54714965820313,62.42666625976562,74.11833107116463,60.7125,61.38324995040894,60.96419982910156,62.34129989624024,121045.0
2019-10-18,62.7400016784668,61.08000183105469,61.95000076293945,61.52000045776367,71100.0,60.79609298706055,61.780001322428376,-15.300698132625785,60.587500190734865,61.39974994659424,60.99459983825684,62.320099906921385,117765.0
2019-10-21,62.849998474121094,61.18000030517578,62.18000030517578,61.459999084472656,60600.0,60.73679733276367,61.82999928792319,-75.35151661014739,60.47000007629394,61.48799991607666,61.04399978637695,62.31429988861084,115611.66666666667
2019-10-22,61.58000183105469,59.849998474121094,61.209999084472656,61.33000183105469,43900.0,60.60832977294922,60.92000071207681,-159.57469545931687,60.47550010681152,61.56399993896484,61.11279983520508,62.32309989929199,113096.66666666667
2019-10-23,61.90999984741211,60.09000015258789,61.38999938964844,61.72999954223633,82000.0,61.00362014770508,61.24333318074545,-59.204039131443615,60.44250011444092,61.66074991226196,61.158999862670896,62.321699905395505,111243.33333333333
2019-10-24,60.0,55.7599983215332,60.0,58.7400016784668,414400.0,58.048805236816406,58.16666666666666,-166.66666666666958,60.33800010681152,61.65349998474121,61.17859992980957,62.27749992370605,113525.0
2019-10-25,59.36999893188477,55.66999816894531,58.38999938964844,56.09000015258789,112600.0,55.42998504638672,57.043332417806,-104.26918628900879,60.05800018310547,61.573750019073486,61.143399963378904,62.20429992675781,112783.33333333333
2019-10-28,58.0,56.22000122070313,56.22000122070313,57.290000915527344,117600.0,56.6158676147461,57.17000071207681,-66.67686220826127,59.854500198364256,61.535000038146975,61.10680000305176,62.14239994049072,112776.66666666667
2019-10-29,58.459999084472656,56.83000183105469,57.27999877929688,57.63999938964844,99800.0,56.96174621582031,57.643333435058594,-34.00222230576638,59.729500198364256,61.52475004196167,61.051999969482424,62.09089992523193,112360.0
2019-10-30,57.77999877929688,56.5099983215332,57.25,57.66999816894531,69400.0,56.99139022827149,57.319998423258454,-28.39338731995429,59.65950012207031,61.473750019073485,61.00199996948242,62.02799991607666,111083.33333333333
2019-10-31,57.86999893188477,56.11999893188477,57.33000183105469,56.84000015258789,108200.0,56.17115783691406,56.94333267211914,-90.77204190810177,59.56200008392334,61.36125001907349,60.912799987792965,61.94449989318848,110316.66666666667
2019-11-01,58.38999938964844,57.36999893188477,57.36999893188477,57.72000122070313,81200.0,57.04081344604492,57.82666651407877,104.89176807184809,59.51200008392334,61.267250061035156,60.85,61.88459991455078,109171.66666666667
2019-11-04,58.66999816894531,57.63000106811523,58.54999923706055,58.33000183105469,102700.0,57.64363098144531,58.21000035603842,113.29924874790629,59.49550018310547,61.15625009536743,60.85800003051758,61.82419990539551,109003.33333333333
2019-11-05,59.52999877929688,58.22000122070313,58.72000122070313,59.45000076293945,101900.0,58.75044631958008,59.06666692097983,129.99269196608984,59.56500015258789,61.04050006866455,60.88120002746582,61.79179992675781,109383.33333333333
2019-11-06,60.38999938964844,58.97000122070313,59.15999984741211,59.70000076293945,146400.0,58.99750900268555,59.68666712443034,108.41424028124595,59.63900012969971,60.90150003433227,60.918000030517575,61.74209995269776,109633.33333333333
2019-11-07,60.47999954223633,59.08000183105469,60.16999816894531,59.15999984741211,69400.0,58.57178115844727,59.57333374023438,68.34438895794578,59.676500129699704,60.72275009155273,60.92060005187988,61.65529998779297,109285.0
2019-11-08,59.7400016784668,58.790000915527344,58.959999084472656,59.06999969482422,52200.0,58.48267364501953,59.20000076293945,8.622620707108227,59.557000160217285,60.51775016784668,60.91640007019043,61.58269996643067,108721.66666666667
2019-11-11,58.41999816894531,57.36000061035156,58.38999938964844,57.47999954223633,74000.0,56.90849304199219,57.75333277384439,-166.66666666667302,59.371000099182126,60.282500171661376,60.8892000579834,61.482699928283694,108631.66666666667
2019-11-12,59.41999816894531,57.209999084472656,57.5099983215332,58.790000915527344,89100.0,58.20545959472656,58.47333272298178,-46.925598804362366,59.216000175476076,60.09675016403198,60.90400009155273,61.399599952697756,108243.33333333333
2019-11-13,58.5,57.25,58.22000122070313,58.09000015258789,185600.0,57.51242446899414,57.9466667175293,-67.16828623732883,59.01900024414063,59.919250106811525,60.87160011291504,61.32899993896484,109188.33333333333
2019-11-14,59.52999877929688,57.75,58.04999923706055,58.61999893188477,78100.0,58.03715133666992,58.63333257039389,35.06642200942965,58.83600025177002,59.77425012588501,60.817200088500975,61.259199943542484,108440.0
2019-11-15,59.599998474121094,58.43999862670898,59.13000106811523,59.58000183105469,92300.0,58.98760986328125,59.206666310628265,121.230454271239,58.73900032043457,59.663250255584714,60.779200134277346,61.20559993743896,108605.0
2019-11-18,59.43000030517578,58.22999954223633,59.43000030517578,58.41999816894531,67500.0,57.83913803100586,58.69333267211914,22.475158525464053,58.5870002746582,59.528500175476076,60.692200088500975,61.137799949645995,107470.0
2019-11-19,59.11000061035156,58.1500015258789,58.68999862670898,58.22999954223633,128400.0,57.65103530883789,58.49666722615561,-22.00401774523468,58.432000160217285,59.453750133514404,60.57520004272461,61.04199996948242,108403.33333333333
2019-11-20,59.18000030517578,57.83000183105469,57.97999954223633,58.13999938964844,82300.0,57.561927795410156,58.383333841959626,-93.30832055424835,58.25250015258789,59.3475001335144,60.43279998779297,60.95689994812012,108635.0
2019-11-21,58.4000015258789,56.75,57.88000106811523,57.36999893188477,209500.0,56.79957962036133,57.50666681925456,-154.6303013546409,58.18400001525879,59.261000061035155,60.25400001525879,60.868699913024905,111083.33333333333
2019-11-22,58.27000045776367,57.1500015258789,57.849998474121094,57.63999938964844,90000.0,57.06689453125,57.68666712443034,-69.86025413655528,58.26149997711182,59.159750080108644,60.06140007019043,60.77789989471435,109791.66666666667
2019-11-25,59.790000915527344,57.88999938964844,57.88999938964844,59.18000030517578,87100.0,58.59158706665039,58.953333536783845,102.40960289687924,58.35599994659424,59.10525007247925,59.90720008850098,60.70839992523193,109500.0
2019-11-26,59.84000015258789,58.7400016784668,59.41999816894531,58.83000183105469,86400.0,58.24506759643555,59.13666788736978,90.87486691715323,58.41550006866455,59.0725001335144,59.75940010070801,60.642099952697755,108738.33333333333
2019-11-27,59.88000106811523,58.61999893188477,58.9000015258789,59.849998474121094,89200.0,59.25492477416992,59.4499994913737,79.23969469571898,58.52450008392334,59.09200010299683,59.6526000213623,60.59799991607666,108808.33333333333
2019-11-29,59.52000045776367,58.6500015258789,59.52000045776367,58.86000061035156,30200.0,58.2747688293457,59.010000864664704,23.358283338003645,58.62550010681152,59.09375009536743,59.54140007019043,60.54289989471435,107496.66666666667
2019-12-02,59.25,58.18999862670898,58.97000122070313,58.47999954223633,93500.0,57.89854431152344,58.63999938964844,-129.89577481811352,58.663500022888186,59.08775005340576,59.43060012817383,60.484299926757814,107230.0
2019-12-03,58.43999862670898,57.54999923706055,57.790000915527344,57.6500015258789,70700.0,57.0768051147461,57.87999979654947,-139.54626515927654,58.629500007629396,59.06250009536743,59.307400131225585,60.42039993286133,106916.66666666667
2019-12-04,59.2400016784668,57.77000045776367,58.0099983215332,58.4000015258789,90200.0,57.81934356689453,58.47000122070313,-33.950450852462104,58.577000045776366,59.07100009918213,59.2510001373291,60.36379997253418,106591.66666666667
2019-12-05,59.349998474121094,57.93000030517578,58.56000137329102,58.13000106811523,121300.0,57.55202865600586,58.46999994913736,-6.042372478761052,58.49850006103516,59.068750095367434,59.165800170898436,60.30359996795654,105678.33333333333
2019-12-06,59.88999938964844,58.93000030517578,58.93000030517578,59.2599983215332,141400.0,58.6707878112793,59.35999933878581,152.14075862606398,58.50349998474121,59.09000005722046,59.13440010070801,60.26819995880127,105835.0
2019-12-09,60.2599983215332,58.75,59.2400016784668,59.36999893188477,120100.0,58.77969360351562,59.459999084472656,89.44280568087831,58.51849994659424,59.03775005340576,59.08800010681152,60.23229995727539,103868.33333333333
2019-12-10,59.88999938964844,58.959999084472656,59.29999923706055,59.38999938964844,71800.0,58.79950332641602,59.4133326212565,55.88351840495739,58.613999938964845,58.99250001907349,59.04860008239746,60.19379993438721,103595.0
2019-12-11,60.4900016784668,58.65999984741211,59.68000030517578,60.13000106811523,63600.0,59.532142639160156,59.760000864664704,94.67881517238987,58.68099994659424,58.948500061035155,59.0484001159668,60.16699993133545,102998.33333333333
2019-12-12,61.18999862670898,59.4000015258789,60.18999862670898,60.84000015258789,136600.0,60.235084533691406,60.47666676839194,153.7049595072364,58.81849994659424,58.91875009536743,59.08380012512207,60.146899948120115,103421.66666666667
2019-12-13,61.13000106811523,59.5,60.849998474121094,59.72000122070313,128300.0,59.12621688842773,60.11666742960611,50.098565038407756,58.87350006103516,58.85475015640259,59.102400131225586,60.110599975585934,104051.66666666667
2019-12-16,60.97999954223633,59.06999969482422,60.40999984741211,59.290000915527344,147400.0,58.70049285888672,59.78000005086264,-27.825607372020887,58.859000015258786,58.79900016784668,59.11380012512207,60.09619998931885,103316.66666666667
2019-12-17,60.040000915527344,59.36000061035156,59.36000061035156,59.63000106811523,96700.0,59.037109375,59.67666753133139,-71.04907371348126,58.91950016021728,58.753250217437746,59.13320014953613,60.06200000762939,104066.66666666667
2019-12-18,59.959999084472656,59.09000015258789,59.959999084472656,59.40999984741211,89500.0,58.81930541992188,59.486666361490876,-90.04005104116014,58.97850017547607,58.70525016784668,59.160200119018555,60.02310001373291,103166.66666666667
2019-12-19,59.849998474121094,58.97999954223633,59.5,59.0,227700.0,58.41337585449219,59.27666600545248,-113.96342320183209,59.021500205993654,58.63700017929077,59.17580009460449,59.99060001373291,105376.66666666667
2019-12-20,59.43999862670898,58.29999923706055,59.0,59.0,239200.0,58.41337585449219,58.9133326212565,-128.97815734700714,59.103000259399415,58.6435001373291,59.18760009765625,59.95930000305176,108081.66666666667
2019-12-23,59.38999938964844,58.54999923706055,58.83000183105469,59.36999893188477,62700.0,58.77969360351562,59.10333251953125,-53.96099206449222,59.18950023651123,58.72550010681152,59.14580009460449,59.93869998931885,107770.0
2019-12-24,59.86000061035156,59.08000183105469,59.36000061035156,59.709999084472656,52600.0,59.11631774902344,59.5500005086263,91.850097579774,59.216000175476076,58.78600006103515,59.11600006103516,59.94339996337891,106505.0
2019-12-26,60.38999938964844,58.97999954223633,59.88000106811523,59.4000015258789,66500.0,58.80940246582031,59.59000015258789,89.21562071641266,59.244500160217285,58.83000011444092,59.06620010375977,59.95369998931885,105406.66666666667
2019-12-27,59.599998474121094,58.97000122070313,59.41999816894531,59.22000122070313,41500.0,58.63119506835938,59.263333638509124,-6.021625180053736,59.21300029754639,58.868750190734865,59.01000015258789,59.95610000610352,104286.66666666667
2019-12-30,59.77999877929688,58.61999893188477,59.209999084472656,59.2599983215332,54300.0,58.6707878112793,59.219998677571624,-46.48891203108308,59.23300018310547,58.929250144958495,58.94960014343262,59.95689998626709,102826.66666666667
2019-12-31,60.099998474121094,59.13000106811523,59.13000106811523,59.45000076293945,124300.0,58.85890197753906,59.56000010172525,52.70649418622893,59.281500244140624,58.9725001335144,58.908200149536135,59.95139999389649,103470.0
2020-01-02,60.70000076293945,59.65999984741211,60.13999938964844,60.68999862670898,67800.0,60.08656692504883,60.34999974568686,166.6666666666588,59.433500099182126,59.031500053405765,58.89280014038086,59.96839996337891,102810.0
2020-01-03,60.25,59.56000137329102,59.63999938964844,59.790000915527344,117500.0,59.19552230834961,59.86666742960611,39.201488873290856,59.50300006866455,59.04000005722046,58.86200012207031,59.9873999786377,103485.0
2020-01-06,60.36999893188477,58.9900016784668,59.349998474121094,60.27999877929688,107000.0,59.6806526184082,59.87999979654947,22.635495300703425,59.610499954223634,59.05450000762939,58.833000106811525,59.99599998474121,104258.33333333333
2020-01-07,60.95000076293945,59.88000106811523,60.18000030517578,60.56999969482422,73900.0,59.96776580810547,60.46666717529297,96.00355994272543,59.67600002288818,59.0897500038147,58.86960006713867,60.02409999847412,103933.33333333333
2020-01-08,61.52000045776367,59.70000076293945,60.43999862670898,60.9900016784668,132000.0,60.38359069824219,60.73666763305664,102.72999632889416,59.75700016021729,59.13775005340576,58.96760009765625,60.05550003051758,104490.0
2020-01-09,62.56000137329102,61.27000045776367,62.56000137329102,61.459999084472656,162500.0,60.848915100097656,61.763333638509124,143.8108169472429,59.86050014495849,59.23725004196167,59.051000061035154,60.07890003204346,105500.0
2020-01-10,61.54999923706055,59.56999969482422,61.54999923706055,59.59000015258789,102500.0,58.99751281738281,60.236666361490876,-50.00004350091218,59.83350009918213,59.257250022888186,59.09000007629395,60.071000022888185,104881.66666666667
2020-01-13,61.4900016784668,59.70000076293945,59.88999938964844,61.40999984741211,85100.0,60.79941177368164,60.86666742960611,8.760308204467451,59.86200008392334,59.34025001525879,59.16480010986328,60.08340003967285,105015.0
2020-01-14,61.72000122070313,60.5099983215332,61.2599983215332,60.72999954223633,88500.0,60.12617492675781,60.986666361490876,12.521174226312404,59.9125,59.39300003051758,59.24260009765625,60.07770004272461,104996.66666666667
2020-01-15,61.54999923706055,60.27999877929688,60.43999862670898,60.83000183105469,109600.0,60.225181579589844,60.886666615804046,-11.969843338310866,59.98950004577637,59.42425003051758,59.30480010986328,60.077400054931644,105638.33333333333
2020-01-16,61.61999893188477,60.52000045776367,61.18999862670898,61.040000915527344,92100.0,60.4330940246582,61.06000010172525,73.79280799278112,60.060000038146974,59.48975009918213,59.35900009155274,60.10850006103516,106163.33333333333
2020-01-17,61.47999954223633,60.849998474121094,61.45000076293945,61.33000183105469,54600.0,60.72021102905274,61.21999994913736,132.3529182603798,60.1560001373291,59.56725015640259,59.39660011291504,60.13890007019043,106341.66666666667
2020-01-21,61.040000915527344,59.27999877929688,61.0,59.59000015258789,87900.0,58.99751281738281,59.96999994913736,-166.66666666667638,60.185500144958496,59.60350017547607,59.394400100708005,60.15620006561279,106440.0
2020-01-22,60.209999084472656,58.75,59.79999923706055,59.0,55500.0,58.41337585449219,59.31999969482422,-115.33412952671374,60.185500144958496,59.64425020217895,59.391200103759765,60.15590007781982,100458.33333333333
2020-01-23,58.849998474121094,57.2599983215332,58.849998474121094,58.31999969482422,139200.0,57.74014282226562,58.14333216349284,-123.81871392003885,60.133000183105466,59.66125020980835,59.376200103759764,60.146300086975096,100901.66666666667
2020-01-24,58.22999954223633,56.84000015258789,58.22999954223633,57.16999816894531,71300.0,56.60157012939453,57.4133326212565,-104.52959629588148,60.0060001373291,59.61100015640259,59.37000007629395,60.129600067138675,100130.0
2020-01-27,56.91999816894531,55.54999923706055,55.97999954223633,56.33000183105469,85100.0,55.76992797851562,56.26666641235352,-114.60038171996337,59.85250015258789,59.54850015640259,59.32080009460449,60.11240009307861,99885.0
2020-01-28,56.68999862670898,55.2400016784668,56.68999862670898,55.47999954223633,108700.0,54.92837524414063,55.8033332824707,-97.58798655163412,59.66550006866455,59.43925018310547,59.26860008239746,60.07010009765625,100540.0
2020-01-29,56.36999893188477,55.349998474121094,55.47999954223633,55.88999938964844,136500.0,55.33429336547852,55.86999893188477,-64.05112552062585,59.49700012207031,59.36500015258789,59.214000091552734,60.01560009002686,101011.66666666667
2020-01-30,56.29999923706055,55.2599983215332,55.2599983215332,56.27000045776367,57800.0,55.71051788330078,55.94333267211914,-45.350183110562746,59.33800010681152,59.309750175476076,59.147800064086915,59.96350009918213,100621.66666666667
2020-01-31,56.209999084472656,54.18999862670898,56.08000183105469,54.29999923706055,149800.0,53.76010513305664,54.899998982747405,-166.66666666667012,59.0185001373291,59.22600011825561,59.06540008544922,59.8788000869751,101406.66666666667
2020-02-03,58.099998474121094,54.9000015258789,54.9000015258789,57.88000106811523,238500.0,57.30451583862305,56.96000035603842,159.4767628164797,58.92300014495849,59.21300010681152,59.0584001159668,59.816800079345704,103683.33333333333
2020-02-04,59.33000183105469,56.65999984741211,58.790000915527344,56.959999084472656,218000.0,56.39365768432617,57.65000025431314,110.9686830808916,58.75700016021729,59.18375005722046,59.03480010986328,59.73380004882812,104876.66666666667
2020-02-05,58.63999938964844,57.56999969482422,57.81999969482422,58.599998474121094,115000.0,58.01735305786133,58.26999918619792,96.07787618285572,58.65850009918213,59.167250061035155,59.05940010070801,59.6567000579834,105636.66666666667
2020-02-06,58.9000015258789,57.31999969482422,58.9000015258789,57.95000076293945,336200.0,57.373817443847656,58.05666732788086,59.89587481464521,58.50650005340576,59.13175010681152,59.06560012817383,59.56350009918213,110370.0
2020-02-07,57.9900016784668,56.16999816894531,57.77999877929688,56.33000183105469,153000.0,55.76992797851562,56.83000055948892,-91.56117173639092,58.250000190734866,59.05525016784668,59.00860015869141,59.45790012359619,111686.66666666667
2020-02-10,57.22000122070313,56.02000045776367,56.33000183105469,57.06999969482422,137800.0,56.50256729125977,56.77000045776367,-86.82821483473995,58.12400016784668,58.9787501335144,58.9734001159668,59.3664001083374,112498.33333333333
2020-02-11,59.15999984741211,57.459999084472656,57.459999084472656,58.38999938964844,110500.0,57.80944061279297,58.33666610717773,66.84907530575853,57.9730001449585,58.91750011444092,58.944200134277345,59.29840007781982,111246.66666666667
2020-02-12,59.22999954223633,58.18999862670898,59.11000061035156,58.40999984741211,115100.0,57.8292465209961,58.60999933878581,80.49719256384638,57.85700016021728,58.884750080108645,58.93520011901855,59.23830009460449,111863.33333333333
2020-02-13,58.88999938964844,54.33000183105469,57.86000061035156,55.040000915527344,154800.0,54.49275207519531,56.0866673787435,-90.11629067479224,57.56750011444092,58.77850008010864,58.866400146484374,59.1485001373291,112905.0
2020-02-14,55.38000106811523,52.83000183105469,55.13000106811523,53.06000137329102,136400.0,52.53244018554688,53.75666809082031,-137.55974183629021,57.168500137329104,58.614250087738036,58.774600143432615,59.0410001373291,114053.33333333333
2020-02-18,53.290000915527344,51.56999969482422,52.95000076293945,51.97999954223633,127000.0,51.5700798034668,52.28000005086264,-105.34162484727688,56.70100002288818,58.42850008010864,58.64620010375977,58.948600120544434,114030.0
2020-02-19,52.54999923706055,50.540000915527344,52.18999862670898,50.95000076293945,149100.0,50.5482063293457,51.34666697184245,-87.22671794559461,56.26900005340576,58.22725009918213,58.50260009765625,58.834200134277346,115143.33333333333
2020-02-20,51.77999877929688,49.959999084472656,50.599998474121094,50.02999877929688,111800.0,49.63546371459961,50.589998881022126,-87.7706019090571,55.82049999237061,58.00300006866455,58.318000106811525,58.726200103759766,113515.0
2020-02-21,51.0,49.38000106811523,49.79999923706055,49.97000122070313,101000.0,49.57593536376953,50.11666742960611,-89.34374969637503,55.403000068664554,57.76800012588501,58.13000015258789,58.60900012969971,113698.33333333333
2020-02-24,48.72999954223633,47.61000061035156,48.04999923706055,48.209999084472656,206200.0,47.82981491088867,48.18333307902017,-142.85718759908943,54.95500011444092,57.48050012588501,57.90640014648437,58.477500114440915,115683.33333333333
2020-02-25,49.36999893188477,47.25,48.27000045776367,47.36000061035156,433200.0,46.98651885986328,47.99333318074545,-88.41571843460234,54.50650005340576,57.179500102996826,57.6510001373291,58.349700126647946,121463.33333333333
2020-02-26,48.27999877929688,47.06999969482422,47.7400016784668,47.349998474121094,154700.0,46.97659683227539,47.56666564941406,-75.36069667196811,54.1,56.882750034332275,57.38120010375977,58.23250011444092,122555.0
2020-02-27,49.22999954223633,46.06999969482422,46.5,46.90999984741211,183700.0,46.54006576538086,47.40333302815755,-75.94179269760059,53.651000022888184,56.57400007247925,57.125000076293944,58.11370010375977,125113.33333333333
2020-02-28,47.1500015258789,44.0,45.29999923706055,45.34000015258789,208900.0,44.98244857788086,45.49666722615561,-166.66666666667186,53.1045000076294,56.22125005722046,56.846000061035156,57.97990009307861,127036.66666666667
2020-03-02,48.7400016784668,46.06999969482422,46.91999816894531,47.790000915527344,250900.0,47.41312789916992,47.533334096272796,32.771991396178265,52.77900009155273,55.898750114440915,56.6092000579834,57.87120010375977,130040.0
2020-03-03,49.13999938964844,46.43000030517578,47.88000106811523,46.97000122070313,156900.0,46.59959411621094,47.513333638509124,42.61799898981467,52.23350009918213,55.578250122070315,56.36040008544922,57.760300102233884,131151.66666666666
2020-03-04,48.15999984741211,46.25,48.0,47.83000183105469,117300.0,47.45281600952149,47.41333389282226,36.11231021084644,51.77700023651123,55.26700019836426,56.13700012207031,57.6564001083374,131085.0
2020-03-05,47.47999954223633,45.91999816894531,46.77999877929688,46.88999938964844,132000.0,46.520225524902344,46.76333236694336,-18.495882253705737,51.1915002822876,54.92500019073486,55.89480010986328,57.54120010375976,130928.33333333333
2020-03-06,46.97000122070313,45.63000106811523,45.63000106811523,46.52999877929688,110200.0,46.16305541992188,46.37666702270508,-112.62613535304699,50.62050018310547,54.56350011825562,55.638000106811525,57.39190010070801,130763.33333333333
2020-03-09,44.36000061035156,40.0,44.36000061035156,40.349998474121094,222200.0,40.03179550170898,41.56999969482422,-166.66666666666814,49.82150001525879,54.03575010299683,55.25080009460449,57.183400077819826,133270.0
2020-03-10,41.77000045776367,39.68999862670898,41.7599983215332,40.91999816894531,127600.0,40.5973014831543,40.79333241780599,-92.84665028247292,49.013999938964844,53.56900005340576,54.88120002746582,56.973700065612796,134336.66666666666
2020-03-11,40.79999923706055,38.22999954223633,39.79999923706055,39.11000061035156,123500.0,38.80157852172852,39.37999979654948,-83.41062990251774,48.05,53.01150007247925,54.47900001525879,56.74450008392334,134118.33333333334
2020-03-12,38.38999938964844,34.5,34.5,34.93000030517578,164900.0,34.654541015625,35.93999989827474,-128.42681010098914,46.876000022888185,52.36650009155274,53.99240005493164,56.47100009918213,134728.33333333334
2020-03-13,37.900001525878906,34.689998626708984,35.83000183105469,37.88000106811523,279300.0,37.58127975463867,36.823333740234375,-68.72601136762239,46.01800003051758,51.79275007247925,53.56100006103516,56.234600105285644,136926.66666666666
2020-03-16,34.90999984741211,30.420000076293945,30.57999992370605,31.8700008392334,152900.0,31.61867332458496,32.40000025431315,-128.81799677125113,44.9585000038147,51.0635000705719,52.984600105285644,55.938700122833254,137863.33333333334
2020-03-17,34.299999237060554,30.270000457763672,32.259998321533196,33.240001678466804,271000.0,32.977867126464844,32.603333791097015,-80.43948228290323,44.02150011062622,50.3612500667572,52.453600120544436,55.657800121307375,140888.33333333334
2020-03-18,32.259998321533196,26.32999992370605,31.0,26.770000457763672,178000.0,26.55889129638672,28.453332901000966,-127.23539683475724,42.81250009536743,49.540750074386594,51.78340015411377,55.308200130462644,140060.0
2020-03-19,32.830001831054695,26.149999618530273,26.88999938964844,32.0,270300.0,31.747648239135746,30.32666714986165,-54.75550037885604,41.91100015640259,48.8657500743866,51.212000160217286,55.04080011367798,140578.33333333334
2020-03-20,33.310001373291016,29.989999771118164,32.59999847412109,30.79999923706055,170400.0,30.557109832763672,31.36666679382324,17.107041894312466,40.95250005722046,48.17775006294251,50.60820011138916,54.787900104522706,142373.33333333334
2020-03-23,32.25,29.70000076293945,30.96999931335449,31.459999084472656,220300.0,31.21190452575684,31.13666661580403,21.584162768713608,40.115000057220456,47.53500008583069,50.00820011138916,54.529600086212156,145168.33333333334
2020-03-24,34.939998626708984,32.529998779296875,33.400001525878906,34.77000045776367,133900.0,34.495803833007805,34.07999928792318,148.93685582266627,39.48550004959107,46.99600005149841,49.511800117492676,54.30090009689331,146291.66666666666
2020-03-25,35.2599983215332,31.93000030517578,34.86999893188477,33.080001831054695,320600.0,32.819129943847656,33.423333485921226,67.09530388175065,38.77200021743774,46.43600010871887,48.94520015716553,54.055000133514405,150943.33333333334
2020-03-26,36.77999877929688,32.56999969482422,33.709999084472656,36.02999877929688,214900.0,35.74586868286133,35.12666575113932,98.5915371039413,38.22800016403198,45.93950009346008,48.45120014190674,53.846900119781495,153620.0
2020-03-27,35.810001373291016,32.919998168945305,34.209999084472656,35.22999954223633,358600.0,34.95217514038086,34.653333028157554,57.53405047006383,37.7225001335144,45.4135000705719,47.93920009613037,53.62200010299683,157525.0
2020-03-30,36.59000015258789,34.950000762939446,35.43000030517578,36.29999923706055,122800.0,36.01373291015625,35.9466667175293,121.1952254526977,37.14800004959106,44.9635000705719,47.44440006256104,53.40170007705689,158441.66666666666
2020-03-31,36.66999816894531,34.540000915527344,35.83000183105469,35.009998321533196,239100.0,34.733909606933594,35.40666580200195,47.28264751053564,36.54999990463257,44.39175000190735,46.9179999923706,53.157300052642825,160468.33333333334
2020-04-01,35.939998626708984,33.049999237060554,33.47999954223633,33.860000610351555,96800.0,33.59298324584961,34.28333282470703,-108.40110194113781,35.85149984359741,43.81425004005432,46.40340000152588,52.89890005111695,160298.33333333334
2020-04-02,35.380001068115234,32.90999984741211,34.169998168945305,33.380001068115234,150700.0,33.11676406860352,33.890000661214195,-93.77472104452305,35.17599992752075,43.18375010490418,45.891000022888186,52.641100063323975,161578.33333333334
2020-04-03,35.529998779296875,33.0,33.419998168945305,35.09000015258789,129400.0,34.813282012939446,34.539999643961586,-26.383547329557967,34.6039999961853,42.612250089645386,45.42640003204346,52.40130006790161,161535.0
2020-04-06,38.47999954223633,36.7400016784668,36.83000183105469,38.08000183105469,160400.0,37.779701232910156,37.76666768391927,153.1063269805854,34.490500164031985,42.15600008964539,45.044600105285646,52.20730009078979,161500.0
2020-04-07,39.81999969482422,38.06999969482422,39.81999969482422,38.63000106811523,171300.0,38.32536315917969,38.84000015258789,101.66710445149813,34.37600030899048,41.695000123977664,44.690600090026855,52.00570009231567,162646.66666666666
2020-04-08,40.79999923706055,38.70000076293945,39.52999877929688,39.83000183105469,246100.0,39.51590347290039,39.77666727701823,85.3451389787442,34.41200037002564,41.23100018501282,44.37760013580322,51.823100109100345,165330.0
2020-04-09,43.83000183105469,40.33000183105469,41.27999877929688,43.650001525878906,157500.0,43.3057746887207,42.60333506266276,127.28580983108463,34.84800043106079,40.86200022697449,44.13280017852783,51.67340013504028,166480.0
2020-04-13,43.4900016784668,41.61999893188477,43.4900016784668,42.52999877929688,129600.0,42.19460678100586,42.54666646321615,82.29239657901056,35.080500316619876,40.54925017356872,43.858000144958496,51.5029001045227,166813.33333333334
2020-04-14,43.75,41.52999877929688,43.02000045776367,42.90999984741211,136400.0,42.57161331176758,42.72999954223633,59.8805396641753,35.63250026702881,40.295500135421754,43.630200157165525,51.34780012130737,167551.66666666666
2020-04-15,41.7599983215332,40.18000030517578,40.86000061035156,41.0,106200.0,40.67667007446289,40.97999954223633,-46.16592180949489,36.02050018310547,40.021000146865845,43.29260013580322,51.17550012588501,168411.66666666666
2020-04-16,41.75,39.599998474121094,41.47999954223633,40.63999938964844,128400.0,40.31951141357422,40.66333262125651,-95.51657263386299,36.714000129699706,39.76325011253357,42.96620014190674,51.00050012588501,169086.66666666666
2020-04-17,43.38000106811523,41.63000106811523,41.93000030517578,42.11000061035156,136500.0,41.777923583984375,42.37333424886067,41.358692211268895,37.21950016021729,39.56525015830994,42.63640018463135,50.84790014266968,170436.66666666666
2020-04-20,42.63999938964844,40.97999954223633,41.02000045776367,42.47999954223633,142400.0,42.14500427246094,42.03333282470703,24.735369933634058,37.803500175476074,39.37800011634827,42.32700016021729,50.696300144195554,170490.0
2020-04-21,42.560001373291016,40.66999816894531,41.0099983215332,42.09000015258789,237300.0,41.75807571411133,41.77333323160807,23.403613971558496,38.33500022888184,39.22500014305115,42.04220012664795,50.525400142669675,173256.66666666666
2020-04-22,43.70000076293945,41.72999954223633,43.290000915527344,42.4900016784668,131200.0,42.15492248535156,42.6400006612142,91.31860467528128,38.721000289916994,39.10325016975403,41.7506001663208,50.362000141143795,174025.0
2020-04-23,49.93000030517578,43.31999969482422,43.31999969482422,47.41999816894531,278000.0,47.0460433959961,46.88999938964844,166.6666666666649,39.43800010681152,39.10500016212463,41.53120014190674,50.23770013809204,176846.66666666666
2020-04-24,49.97999954223633,47.709999084472656,49.61999893188477,49.540000915527344,280700.0,49.14932632446289,49.07666651407877,109.36012910739916,40.11350021362305,39.17075018882751,41.35380016326904,50.1445001411438,179250.0
2020-04-27,51.6500015258789,49.63999938964844,50.0,51.02999877929688,136800.0,50.6275749206543,50.77333323160806,94.07444935968316,40.903500175476076,39.31300015449524,41.27360012054444,50.070000133514405,180566.66666666666
2020-04-28,53.2599983215332,50.0099983215332,53.0,50.349998474121094,143000.0,49.95293426513672,51.2066650390625,76.79557603800272,41.606000137329104,39.37700009346008,41.219400062561036,49.99700010299683,180453.33333333334
2020-04-29,54.9000015258789,51.56000137329102,51.56000137329102,54.18999862670898,181500.0,53.762657165527344,53.5500005086263,116.96414772014299,42.56500015258789,39.55750002861023,41.26360004425049,49.954900074005124,179503.33333333334
2020-04-30,53.0099983215332,51.58000183105469,52.75,51.7400016784668,234600.0,51.33197784423828,52.11000061035156,42.9746111205934,43.459000205993654,39.655250024795535,41.27940006256104,49.89100008010864,179780.0
2020-05-01,50.86999893188477,48.97999954223633,50.18000030517578,49.68999862670898,179300.0,49.29814147949219,49.8466657002767,-103.21824875677515,44.27450008392334,39.725250005722046,41.27260005950928,49.7953000831604,180851.66666666666
2020-05-04,49.86000061035156,48.5,49.06000137329102,49.540000915527344,277300.0,49.14932632446289,49.3000005086263,-97.3131098192383,44.99700012207031,39.800500059127806,41.26400005340576,49.697000102996824,179870.0
2020-05-05,51.18999862670898,49.13000106811523,50.849998474121094,49.29999923706055,142200.0,48.911216735839844,49.87333297729492,-46.75584319221839,45.557999992370604,40.02425007820129,41.28580005645752,49.596100101470945,179690.0
2020-05-06,49.540000915527344,48.5,49.38999938964844,48.90999984741211,107500.0,48.52429580688477,48.98333358764648,-82.98728763568741,46.07199993133545,40.22400012016296,41.31680004119873,49.48390008926392,179185.0
2020-05-07,50.349998474121094,49.709999084472656,49.81999969482422,50.11000061035156,108300.0,49.71482849121094,50.056666056315095,78.78576756486152,46.58599987030029,40.49900012016296,41.37200008392334,49.37660009384155,179148.33333333334
2020-05-08,51.95000076293945,50.91999816894531,51.61999893188477,51.7599983215332,67100.0,51.35181427001953,51.543332417806,156.32367631968398,46.991499710083005,40.9197500705719,41.469000053405765,49.297000064849854,178348.33333333334
2020-05-11,51.04999923706055,49.40999984741211,50.68000030517578,50.68999862670898,185500.0,50.29025650024414,50.38333257039389,22.562148603895192,47.39949970245361,41.24000000953674,41.57600002288818,49.21100004196167,178860.0
2020-05-12,50.849998474121094,48.88999938964844,50.81999969482422,48.95000076293945,110900.0,48.56398010253906,49.56333287556966,-52.74755459565238,47.70149974822998,41.6670000076294,41.599200019836424,49.10420003890991,178435.0
2020-05-13,48.97999954223633,46.90999984741211,48.77000045776367,47.56999969482422,110600.0,47.19485855102539,47.81999969482422,-144.8048960420376,48.02999973297119,42.02524995803833,41.61119998931885,48.98580003738403,178161.66666666666
2020-05-14,48.4900016784668,45.20000076293945,46.13000106811523,48.41999816894531,127100.0,48.03816223144531,47.37000020345053,-94.10299621665926,48.418999671936035,42.566499900817874,41.62299991607666,48.880000019073485,177795.0
2020-05-15,50.86000061035156,48.099998474121094,48.59000015258789,50.52000045776367,115600.0,50.12159729003906,49.82666651407877,49.725750542348344,48.83949966430664,43.02949991226196,41.69559993743896,48.79520002365112,177858.33333333334
2020-05-18,53.56000137329102,51.22000122070313,52.95000076293945,51.40999984741211,129400.0,51.00458145141602,52.06333414713541,131.44911304563786,49.28599967956543,43.544749927520755,41.79319995880127,48.7156000328064,178331.66666666666
2020-05-19,50.95000076293945,49.81999969482422,50.83000183105469,49.81999969482422,75500.0,49.42712020874024,50.1966667175293,33.20790150567861,49.672499656677246,44.00374994277954,41.98259998321533,48.61670003890991,176153.33333333334
2020-05-20,52.209999084472656,50.5,51.0,51.59000015258789,74300.0,51.18316268920898,51.43333307902017,66.2235103342549,50.1274995803833,44.424249935150144,42.196000022888185,48.538600025177004,170171.66666666666
2020-05-21,52.13999938964844,51.18000030517578,51.5099983215332,51.58000183105469,67300.0,51.173240661621094,51.633333841959626,49.28580615169796,50.33549976348877,44.88674993515015,42.44540004730224,48.46220003128052,168715.0
2020-05-22,51.63000106811523,50.29999923706055,51.63000106811523,50.91999816894531,51200.0,50.51844024658203,50.9499994913737,-37.30862743248111,50.40449962615967,45.25899991989136,42.765200004577636,48.378800029754636,166506.66666666666
2020-05-26,54.0,51.88999938964844,52.4900016784668,53.5099983215332,75900.0,53.08802032470703,53.13333257039389,151.71401440189692,50.528499603271484,45.71599988937378,43.07779994964599,48.319400005340576,164290.0
2020-05-27,55.4000015258789,53.209999084472656,54.52000045776367,55.06999969482422,106200.0,54.635719299316406,54.56000010172525,122.84008098471851,50.76449966430664,46.18524990081787,43.54179992675781,48.26320001602173,161878.33333333334
2020-05-28,56.06000137329102,52.4000015258789,56.06000137329102,52.41999816894531,90800.0,52.115440368652344,53.62666702270508,47.347238177285384,50.67599964141846,46.62049989700317,43.92539985656738,48.18949998855591,160776.66666666666
2020-05-29,53.5099983215332,51.31999969482422,52.02999877929688,52.5,136700.0,52.19498062133789,52.44333267211914,-33.39577202783774,50.713999557495114,47.08649988174439,44.43999984741211,48.11170000076294,161100.0
2020-06-01,53.68999862670898,52.88999938964844,53.09000015258789,52.97999954223633,68600.0,52.67218780517578,53.18666585286458,-24.09166137400091,50.878499603271486,47.57649984359741,44.859599838256834,48.035799999237064,160043.33333333334
2020-06-02,53.9000015258789,52.959999084472656,53.61999893188477,53.13999938964844,111400.0,52.831260681152344,53.33333333333334,-12.14402012727177,51.05849952697754,48.02774982452392,45.3063998413086,47.95729997634888,160063.33333333334
2020-06-03,55.7599983215332,53.11999893188477,53.9900016784668,55.13999938964844,73400.0,54.81964111328125,54.67333221435547,145.8730735583131,51.35049953460693,48.45424976348877,45.77999984741211,47.894099979400636,157583.33333333334
2020-06-04,56.1500015258789,54.65999984741211,54.65999984741211,55.849998474121094,71400.0,55.52551651000977,55.5533332824707,112.08402291517315,51.697499465942386,48.88474969863891,46.20159980773926,47.85669996261597,156646.66666666666
2020-06-05,59.09000015258789,56.88999938964844,57.83000183105469,57.9000015258789,107300.0,57.5636100769043,57.96000035603842,138.57264750240756,52.08699951171875,49.33649969100952,46.697999801635746,47.82159997940064,156376.66666666666
2020-06-08,63.459999084472656,58.97999954223633,59.41999816894531,61.86000061035156,209400.0,61.50060272216797,61.43333307902017,129.92772627195512,52.59199962615967,49.79174966812134,47.21459983825684,47.832899990081785,157118.33333333334
2020-06-09,61.599998474121094,58.36999893188477,61.599998474121094,59.06000137329102,106000.0,58.71686935424805,59.67666625976562,55.15091738180721,53.01049976348877,50.20499973297119,47.69119987487793,47.81519998550415,154230.0
2020-06-10,59.16999816894531,57.43999862670898,59.16999816894531,57.849998474121094,89700.0,57.51389694213867,58.1533317565918,-16.75284126262244,53.45549964904785,50.578499698638915,48.122199859619144,47.78329996109009,153176.66666666666
2020-06-11,55.15999984741211,52.0,52.9900016784668,52.95000076293945,156900.0,52.64236831665039,53.37000020345053,-161.2779282231087,53.72449970245361,50.8772497177124,48.48099990844727,47.699499950408935,151275.0
2020-06-12,55.81000137329102,53.6500015258789,55.2599983215332,55.04999923706055,88400.0,54.73016357421875,54.8366673787435,-65.30999122129343,54.055999755859375,51.237499713897705,48.90479988098144,47.65409994125366,149781.66666666666
2020-06-15,57.68999862670898,53.36999893188477,53.36999893188477,56.29999923706055,212100.0,55.972900390625,55.78666559855142,-18.886445197455735,54.34499969482422,51.59224967956543,49.36319984436035,47.627099933624265,148811.66666666666
2020-06-16,60.08000183105469,58.099998474121094,58.86000061035156,59.20000076293945,210800.0,58.85605239868164,59.12666702270508,100.33541904974302,54.73449974060058,52.01024971008301,49.84539985656738,47.63589994430542,149485.0
2020-06-17,59.4000015258789,57.81999969482422,59.4000015258789,58.86999893188477,159000.0,58.52796936035156,58.6966667175293,76.30258971939641,55.18699970245361,52.42974967956543,50.26119979858399,47.65289995193481,148463.33333333334
2020-06-18,59.08000183105469,57.83000183105469,57.83000183105469,58.75,169200.0,58.408668518066406,58.55333455403647,46.02290746037622,55.54499969482422,52.83624963760376,50.66359977722168,47.67709993362427,149051.66666666666
2020-06-19,60.02000045776367,58.7400016784668,59.72000122070313,58.790000915527344,329800.0,58.44843673706055,59.18333435058594,61.35876695613698,55.905499649047854,53.12049970626831,51.04279975891113,47.710199947357175,149205.0
2020-06-22,59.06000137329102,57.6500015258789,58.15999984741211,58.709999084472656,146100.0,58.36890029907226,58.47333399454752,-79.74481076486352,56.29499969482422,53.349749660491945,51.34399971008301,47.73839994430542,148058.33333333334
2020-06-23,60.06999969482422,58.209999084472656,59.68000030517578,59.0,96000.0,58.6572151184082,59.09333292643228,72.24940743747807,56.569499778747556,53.54899969100952,51.67339973449707,47.76569993972778,143681.66666666666
2020-06-24,58.61999893188477,57.02000045776367,58.04999923706055,57.47000122070313,157400.0,57.1361083984375,57.703333536783845,-139.35455104711045,56.689499855041504,53.72699975967407,51.96459976196289,47.79739995956421,144258.33333333334
2020-06-25,59.27000045776367,57.11000061035156,57.45000076293945,59.06000137329102,115300.0,58.71686935424805,58.48000081380209,-16.112740201139502,57.02150001525879,53.848749828338626,52.325799789428714,47.80919996261596,142195.0
2020-06-26,59.33000183105469,57.77000045776367,58.54999923706055,58.52999877929688,213200.0,58.18994522094727,58.543333689371735,18.681968998493304,57.32299995422363,54.018499755859374,52.68359977722168,47.824899959564206,144135.0
2020-06-29,61.1500015258789,59.27999877929688,59.81999969482422,60.45000076293945,136300.0,60.098793029785156,60.293333689371735,140.76064777242095,57.69650001525879,54.287499809265135,53.05039978027344,47.84339998245239,143895.0
2020-06-30,62.11000061035156,60.0,60.1500015258789,61.4900016784668,155200.0,61.13275146484375,61.20000076293945,108.47383457392895,58.114000129699704,54.58624982833862,53.43059982299805,47.878799991607664,144325.0
2020-07-01,61.209999084472656,58.29999923706055,60.93999862670898,58.599998474121094,112400.0,58.25954055786133,59.36999893188477,-14.77584019916883,58.28700008392334,54.818749809265135,53.76079978942871,47.90149995803833,143525.0
2020-07-02,60.43999862670898,58.540000915527344,59.88999938964844,58.72000122070313,71900.0,58.37884521484375,59.23333358764648,-40.46681422814814,58.430500221252444,55.063999843597415,54.085399780273434,47.91799997329712,141868.33333333334
2020-07-06,60.65999984741211,59.08000183105469,60.11999893188477,60.13000106811523,84800.0,59.7806510925293,59.956667582194,-6.114051797621723,58.542000198364256,55.314499855041504,54.33959983825684,47.935399990081784,139180.0
2020-07-07,59.90999984741211,58.84000015258789,59.41999816894531,59.16999816894531,87100.0,58.82622528076172,59.306666056315095,-55.19246249840528,58.40750007629394,55.49974985122681,54.5321997833252,47.94299997329712,138006.66666666666
2020-07-08,59.41999816894531,57.11000061035156,59.11000061035156,57.63999938964844,79000.0,57.30511474609375,58.056666056315095,-166.6666666666651,58.336499977111814,55.67349987030029,54.664399795532226,47.96899995803833,137163.33333333334
2020-07-09,57.7400016784668,55.34000015258789,57.7400016784668,56.43999862670898,72000.0,56.11208724975586,56.50666681925456,-131.88003048571093,58.265999984741214,55.86074981689453,54.786199798583986,48.00279993057251,136090.0
2020-07-10,58.90999984741211,56.1500015258789,56.66999816894531,58.36999893188477,70400.0,58.03087615966797,57.81000010172525,-33.05220782522678,58.53699989318848,56.130749797821046,54.8697998046875,48.06669992446899,135493.33333333334
2020-07-13,59.4000015258789,57.61000061035156,59.36000061035156,58.20000076293945,86000.0,57.86186218261719,58.4033342997233,37.540552460094816,58.69449996948242,56.3752498626709,54.998999786376956,48.139199924469,134786.66666666666
2020-07-14,60.11000061035156,58.1500015258789,58.1500015258789,60.0,90100.0,59.651405334472656,59.42000071207681,130.59656631113342,58.879500007629396,56.61224985122681,55.205199813842775,48.23889993667603,134013.33333333334
2020-07-15,63.45000076293945,60.63999938964844,61.68999862670898,62.84000015258789,135100.0,62.47490692138672,62.31000010172525,144.30378459173932,59.061499977111815,56.8979998588562,55.47119979858398,48.367599925994874,133891.66666666666
2020-07-16,62.68000030517578,60.97000122070313,62.5,61.66999816894531,88400.0,61.31170272827149,61.77333323160806,72.67672171345451,59.201499938964844,57.19424982070923,55.71859977722168,48.5021999168396,131410.0
2020-07-17,63.13999938964844,61.77000045776367,62.1500015258789,62.15999984741211,76000.0,61.79885482788086,62.356666564941406,64.57152622630763,59.37199993133545,57.45849981307983,55.98359977722168,48.65019990921021,130490.0
2020-07-20,62.88999938964844,61.63000106811523,62.04999923706055,62.52000045776367,101200.0,62.15676879882813,62.34666697184245,52.9211902285728,59.55849990844727,57.73199977874756,56.23179977416992,48.801899929046634,127543.33333333333
2020-07-21,63.83000183105469,62.459999084472656,63.27000045776367,62.63999938964844,69800.0,62.27606582641602,62.97666676839194,165.60513853050557,59.75499992370605,58.02499980926514,56.44939979553223,48.959199924469,124028.33333333333
2020-07-22,63.0099983215332,61.2400016784668,62.0099983215332,61.72999954223633,89900.0,61.37135314941406,61.99333318074545,-60.755349474273864,59.89149990081787,58.230499839782716,56.67019981384277,49.123099918365476,123246.66666666667
2020-07-23,61.88000106811523,59.4000015258789,60.97999954223633,61.33000183105469,142100.0,60.97368240356445,60.87000147501627,-152.4699817047183,60.08449993133545,58.386999893188474,56.91779983520508,49.25849992752075,123231.66666666667
2020-07-24,60.93000030517578,58.16999816894531,60.93000030517578,58.16999816894531,133200.0,57.83203125,59.089998881022126,-133.60453366932896,60.03999977111816,58.53074989318848,57.1297998046875,49.37049989700317,122426.66666666667
2020-07-27,58.70000076293945,57.72999954223633,58.18999862670898,58.27999877929688,138700.0,57.94139862060547,58.236666361490876,-101.38181495527664,60.027499771118165,58.675249862670896,57.32699981689453,49.4749998664856,120828.33333333333
2020-07-28,58.31999969482422,56.52000045776367,57.79999923706055,57.34000015258789,123100.0,57.00686264038086,57.393333435058594,-92.399151369038,59.871999740600586,58.78424987792969,57.46339981079102,49.57949987411499,119891.66666666667
2020-07-29,59.02999877929688,57.4900016784668,57.4900016784668,58.29999923706055,125900.0,57.961280822753906,58.27333323160806,-34.46530755193724,59.71249961853027,58.91324987411499,57.601199798583984,49.69719987869263,117368.33333333333
2020-07-30,58.88000106811523,56.90999984741211,57.13999938964844,58.43999862670898,126100.0,58.10046768188477,58.07666651407877,-23.892354504958742,59.70449962615967,58.9957498550415,57.773599777221676,49.87809988021851,117100.0
2020-07-31,58.02000045776367,55.52999877929688,58.02000045776367,57.41999816894531,167600.0,57.08639526367188,56.989999135335296,-111.23415108294977,59.639499473571775,59.03499984741211,57.890199737548826,50.043099880218506,118101.66666666667
2020-08-03,58.599998474121094,57.18999862670898,58.06000137329102,58.31000137329102,89100.0,57.97122573852539,58.03333282470703,41.54299087770804,59.548499488830565,59.04524984359741,58.02479972839355,50.2350998878479,117781.66666666667
2020-08-04,58.38999938964844,57.22000122070313,58.29999923706055,57.5,130800.0,57.165931701660156,57.703333536783845,-19.91456272747865,59.4649995803833,58.936249828338624,58.15639976501465,50.460799884796145,118843.33333333333
2020-08-05,59.5,58.36000061035156,58.52999877929688,58.599998474121094,136300.0,58.25954055786133,58.81999969482422,129.0849691176007,59.512999534606934,58.924749755859374,58.258199768066405,50.6679998588562,118023.33333333333
2020-08-06,58.7599983215332,56.83000183105469,58.599998474121094,58.540000915527344,103000.0,58.19988632202149,58.043333689371735,18.280905737455534,59.61799964904785,58.94199981689453,58.32759979248047,50.934699859619144,117891.66666666667
2020-08-07,58.93999862670898,56.52999877929688,58.04999923706055,58.81000137329102,95100.0,58.46832275390625,58.09333292643228,-11.089437254868963,59.63999977111816,59.08849983215332,58.45539985656738,51.19039985656738,117633.33333333333
2020-08-10,61.70000076293945,59.27000045776367,59.27999877929688,61.09000015258789,181200.0,60.73507308959961,60.68666712443034,155.0840791562974,59.78449974060059,59.2394998550415,58.62719985961914,51.533599853515625,118535.0
2020-08-11,62.77000045776367,61.06000137329102,61.36000061035156,61.72000122070313,116100.0,61.361412048339844,61.850001017252595,110.72393314310905,59.870499801635745,59.37499990463257,58.80199989318848,51.83079986572265,118543.33333333333
2020-08-12,62.97999954223633,59.86000061035156,62.81999969482422,60.56000137329102,75300.0,60.20815658569336,61.133333841959626,51.593584565922384,59.7564998626709,59.40899991989136,58.95039993286133,52.12839988708496,117641.66666666667
2020-08-13,60.56999969482422,59.09000015258789,60.08000183105469,59.5099983215332,60300.0,59.16424942016602,59.72333272298178,-34.43727583210241,59.64849987030029,59.42499990463257,59.03779991149902,52.40889987945557,117388.33333333333
2020-08-14,59.11999893188477,58.18000030517578,59.02000045776367,58.63999938964844,63800.0,58.2993049621582,58.646666208902985,-120.01450949596322,59.47249984741211,59.42224988937378,59.09359992980957,52.647599868774414,117213.33333333333
2020-08-17,59.61999893188477,58.52000045776367,58.9900016784668,58.86000061035156,67700.0,58.63301467895508,59.0,-62.78830942743057,59.289499855041505,59.423999881744386,59.112799911499025,52.905399856567385,117220.0
2020-08-18,58.849998474121094,56.68999862670898,58.849998474121094,57.56999969482422,96100.0,57.34799194335938,57.70333226521811,-107.97531499008042,59.035999870300294,59.39549989700318,59.026999893188474,53.12079986572266,117968.33333333333
2020-08-19,57.70000076293945,56.4900016784668,57.65999984741211,56.63999938964844,82300.0,56.42157745361328,56.943333943684905,-112.654258303293,58.7814998626709,59.33649988174439,58.978599853515625,53.33489986419678,118075.0
2020-08-20,57.86999893188477,55.790000915527344,55.97000122070313,57.06000137329102,93400.0,56.83995819091797,56.90666707356772,-79.09601232185933,58.567999839782715,59.32624988555908,58.962799911499026,53.54249988555908,117861.66666666667
2020-08-21,56.79999923706055,55.0099983215332,56.6500015258789,56.75,106000.0,56.531150817871094,56.18666585286458,-96.42431020066476,58.49699993133545,59.26849985122681,59.038799896240235,53.75989990234375,118115.0
2020-08-24,57.43999862670898,56.540000915527344,57.29999923706055,57.38999938964844,84400.0,57.16868209838867,57.12333297729492,28.492192654927713,58.45249996185303,59.2399998664856,59.08559989929199,53.99519989013672,117243.33333333333
2020-08-25,58.1500015258789,56.25,57.90999984741211,57.11000061035156,57600.0,56.88976287841797,57.17000071207681,74.58297005161786,58.44099998474121,59.1564998626709,59.10179992675781,54.23249988555908,117060.0
2020-08-26,57.13000106811523,55.790000915527344,56.97000122070313,56.29999923706055,82100.0,56.0828857421875,56.40666707356772,-63.49196519544426,58.34099998474121,59.026749801635745,59.04379989624024,54.44459987640381,116571.66666666667
2020-08-27,56.959999084472656,55.56000137329102,56.88000106811523,56.11999893188477,72200.0,55.90357971191406,56.21333312988281,-64.34598774098069,58.225,58.964749813079834,58.98879989624024,54.62499984741211,116551.66666666667
2020-08-28,56.6500015258789,55.52000045776367,56.63000106811523,56.06999969482422,74600.0,55.85377502441406,56.08000055948892,-78.8726238289714,58.15750007629394,58.89849977493286,58.935199890136715,54.799399833679196,116605.0
2020-08-31,56.02999877929688,54.40999984741211,56.02999877929688,54.59000015258789,154400.0,54.379478454589844,55.00999959309897,-153.9884266718119,57.97150001525879,58.75999975204468,58.85119987487793,54.94699981689453,117390.0
2020-09-01,55.25,53.9900016784668,54.5099983215332,55.18000030517578,123200.0,54.96720504760742,54.80666732788086,-93.99015962813543,57.855500030517575,58.66024980545044,58.78059989929199,55.0622998046875,115953.33333333333
2020-09-02,56.31999969482422,54.72000122070313,55.13000106811523,56.099998474121094,96300.0,55.88365936279297,55.71333312988281,18.875875089485394,57.730500030517575,58.621749782562254,58.72259986877442,55.197999801635746,115791.66666666667
2020-09-03,55.84000015258789,53.40999984741211,55.75,53.68000030517578,73800.0,53.47299194335938,54.31000010172525,-102.19831583562352,57.4875,58.55274982452393,58.646799850463864,55.305699806213376,115526.66666666667
2020-09-04,54.79999923706055,52.68000030517578,54.79999923706055,52.790000915527344,102400.0,52.58642196655274,53.42333348592122,-130.3364445713464,57.186499977111815,58.41324987411499,58.52139984130859,55.423599815368654,114618.33333333333
2020-09-08,52.95000076293945,50.75,52.27999877929688,51.709999084472656,95400.0,51.51058578491211,51.8033332824707,-131.61659838898518,56.71749992370606,58.25099983215332,58.38499984741211,55.534299812316895,114735.0
2020-09-09,52.08000183105469,50.65999984741211,51.9900016784668,51.599998474121094,78500.0,51.4010124206543,51.4466667175293,-92.00207149260237,56.211499786376955,58.040999794006346,58.207999801635744,55.62919979095459,112508.33333333333
2020-09-10,52.20000076293945,50.47999954223633,51.4000015258789,50.5,68100.0,50.30525588989258,51.06000010172525,-77.08428122974992,55.7084997177124,57.73249979019165,57.98819976806641,55.70939979553223,110130.0
2020-09-11,51.29999923706055,50.4900016784668,50.63999938964844,50.7599983215332,74100.0,50.56425094604492,50.84999974568686,-80.54524831030403,55.2709997177124,57.45974979400635,57.83139976501465,55.79609977722168,108715.0
2020-09-14,52.13999938964844,50.83000183105469,51.13999938964844,51.959999084472656,95000.0,51.75962448120117,51.643333435058594,58.066296731997575,54.93699970245361,57.204749774932864,57.69619972229004,55.89079975128174,107478.33333333333
2020-09-15,52.38999938964844,51.11000061035156,52.38999938964844,51.59000015258789,82500.0,51.39105224609375,51.6966667175293,77.47903157662606,54.57349967956543,56.931499767303464,57.525399703979495,55.93249977111817,103356.66666666667
2020-09-16,52.290000915527344,51.38000106811523,51.790000915527344,51.5,125600.0,51.30139923095703,51.72333399454752,62.29473839065754,54.26999969482422,56.652999782562254,57.371999740600586,55.95209976196289,103015.0
2020-09-17,51.5099983215332,50.5,50.81999969482422,51.18000030517578,71300.0,50.98263168334961,51.06333287556966,-63.069945525623595,53.996999740600586,56.38924980163574,57.24279975891113,55.95359977722168,102603.33333333333
2020-09-18,52.5,51.31999969482422,51.63000106811523,52.0,350300.0,51.79947280883789,51.93999989827475,98.98976120788592,53.74399967193604,56.155999755859376,57.15399978637695,55.97009979248047,105818.33333333333
2020-09-21,51.5,49.7400016784668,50.88999938964844,51.099998474121094,193700.0,50.90293884277344,50.78000005086264,-106.08001697379757,53.46149959564209,55.97924976348877,57.00859977722168,55.93919979095459,107125.0
2020-09-22,51.31999969482422,49.86000061035156,51.31999969482422,50.6500015258789,186000.0,50.45467758178711,50.61000061035156,-84.01818457096664,53.12449970245361,55.78849983215332,56.85759979248047,55.92829978942871,106671.66666666667
2020-09-23,51.29999923706055,49.97999954223633,50.56000137329102,50.0,90600.0,49.80718231201172,50.42666625976562,-83.28175724940168,52.76899967193604,55.60499982833862,56.65759979248047,55.93139980316162,105910.0
2020-09-24,51.7400016784668,49.599998474121094,50.20000076293945,50.93000030517578,88200.0,50.73359680175781,50.75666681925456,-23.457572518480355,52.5004997253418,55.42074985504151,56.41939979553223,55.945299797058105,104793.33333333333
2020-09-25,52.15999984741211,50.70000076293945,50.93000030517578,51.68000030517578,98200.0,51.48070526123047,51.513333638509124,166.6666666666743,52.27849979400635,55.25174989700317,56.21959983825683,55.969099807739255,104556.66666666667
2020-09-28,54.2400016784668,52.25,52.25,53.90999984741211,135400.0,53.70210266113281,53.46666717529297,155.02054851440963,52.17049980163574,55.16399993896484,56.054599838256834,56.01909980773926,105615.0
2020-09-29,54.22000122070313,51.6500015258789,53.65999984741211,52.18000030517578,148300.0,51.97877502441406,52.68333435058594,58.33548561264785,52.04999980926514,55.010749912261964,55.84779983520508,56.0397998046875,106673.33333333333
2020-09-30,52.91999816894531,51.70000076293945,52.54999923706055,52.02999877929688,117400.0,51.82935333251953,52.216665903727204,7.501874779950489,51.89249973297119,54.87399988174438,55.635599822998046,56.04249980926514,107178.33333333333
2020-10-01,52.83000183105469,51.1500015258789,52.0099983215332,52.43999862670898,117900.0,52.23777389526367,52.1400006612142,-32.78682570261193,51.709499740600585,54.71999988555908,55.4497998046875,56.059999809265136,107826.66666666667
2020-10-02,54.40999984741211,50.77999877929688,51.5,54.25,139900.0,54.04079055786133,53.146666208902985,60.18510853310277,51.737999725341794,54.612749862670896,55.30819976806641,56.112999801635745,108958.33333333333
2020-10-05,54.83000183105469,53.849998474121094,54.38999938964844,54.43999862670898,101500.0,54.23005676269531,54.37333297729492,143.60590538626687,51.82049961090088,54.503499794006345,55.23359977722168,56.18169979095459,109476.66666666667
2020-10-06,55.79999923706055,53.06000137329102,55.2599983215332,53.72000122070313,111400.0,53.51283645629883,54.193333943684905,76.31965651241781,51.920999717712405,54.31924982070923,55.142399826049804,56.23469982147217,109900.0
2020-10-07,55.18000030517578,54.02000045776367,54.58000183105469,54.88000106811523,106900.0,54.66836547851562,54.693333943684905,76.92309986227848,52.08499984741211,54.148249816894534,55.09319984436035,56.27829982757569,110180.0
2020-10-08,56.16999816894531,54.77999877929688,55.61000061035156,55.84000015258789,73300.0,55.62466049194336,55.5966657002767,133.9004984048527,52.351999855041505,54.030249786376956,55.0439998626709,56.32259983062744,109150.0
2020-10-09,57.59000015258789,56.41999816894531,56.70000076293945,57.5,107500.0,57.27825927734375,57.16999944051108,138.9832549020826,52.68899993896484,53.97999982833862,55.02519989013672,56.3993998336792,109468.33333333333
2020-10-12,58.06000137329102,56.9900016784668,57.63999938964844,57.61999893188477,75400.0,57.39779663085938,57.55666732788086,93.92349252868985,52.971999931335446,53.95449981689453,55.02919990539551,56.45969982147217,109458.33333333333
2020-10-13,57.349998474121094,55.9000015258789,57.06999969482422,56.11000061035156,55400.0,55.89362335205078,56.453333536783845,11.555956170646349,53.19799995422363,53.88574981689453,54.98519989013672,56.504999809265136,108695.0
2020-10-14,56.38000106811523,55.40999984741211,56.25,55.86000061035156,57900.0,55.64458465576172,55.883333841959626,-65.02266078829783,53.41599998474121,53.84299983978271,54.95239990234375,56.5543998336792,108496.66666666667
2020-10-15,56.02000045776367,54.66999816894531,55.09000015258789,55.70000076293945,57800.0,55.48520278930664,55.46333312988281,-101.20439121981016,53.64200000762939,53.81949987411499,54.89439994812012,56.576299858093265,107961.66666666667
2020-10-16,56.56999969482422,55.5099983215332,55.5099983215332,55.849998474121094,47000.0,55.634620666503906,55.97666549682617,-32.731489845358894,53.83449993133545,53.78924980163574,54.840599899291995,56.58409984588623,106376.66666666667
2020-10-19,56.9900016784668,55.04999923706055,55.81999969482422,55.13000106811523,65900.0,54.91740036010742,55.72333399454752,-46.73711017198453,54.03600006103515,53.748749828338624,54.766999893188476,56.61119987487793,105255.0
2020-10-20,56.31999969482422,55.1500015258789,55.47000122070313,55.36999893188477,40200.0,55.156471252441406,55.613333384195954,-49.94392472147304,54.27199993133545,53.69824981689453,54.652599868774416,56.63989986419678,103613.33333333333
2020-10-21,56.13000106811523,54.7599983215332,55.56000137329102,55.47000122070313,51800.0,55.25608825683594,55.453333536783845,-78.70364598915462,54.54549999237061,53.65724983215332,54.527599868774416,56.66479988098145,102425.0
2020-10-22,55.540000915527344,53.38000106811523,55.540000915527344,54.66999816894531,89800.0,54.45917129516602,54.53000005086264,-165.59757222391298,54.73249988555908,53.61649980545044,54.4097998046875,56.68009986877441,101823.33333333333
2020-10-23,55.45000076293945,53.59000015258789,55.2599983215332,53.81000137329102,56000.0,53.60249328613281,54.283334096272796,-97.72793975698166,54.83899993896485,53.5587498664856,54.29579986572266,56.66679988861084,100655.0
2020-10-26,53.31999969482422,51.11000061035156,53.27999877929688,51.27999877929688,163200.0,51.08224487304688,51.90333302815755,-161.8294155182206,54.70749988555908,53.438999843597415,54.14859985351563,56.621099891662595,100581.66666666667
2020-10-27,51.099998474121094,50.040000915527344,50.86999893188477,50.86000061035156,83600.0,50.66386413574219,50.66666666666666,-108.07853475587329,54.64149990081787,53.345749855041504,53.98859985351562,56.550699882507324,100490.0
2020-10-28,50.81000137329102,49.5099983215332,50.0,50.79999923706055,163300.0,50.60409545898438,50.37333297729492,-80.19786021465163,54.579999923706055,53.23624982833862,53.853199844360354,56.44009986877441,101031.66666666667
2020-10-29,52.709999084472656,50.08000183105469,50.29999923706055,51.81999969482422,107100.0,51.62016296386719,51.53666687011719,-13.426145608042695,54.54899997711182,53.1292498588562,53.756799850463864,56.36769985198975,100545.0
2020-10-30,52.16999816894531,50.88000106811523,51.72000122070313,51.18999862670898,96500.0,50.992591857910156,51.4133326212565,29.68955066942597,54.395999908447266,53.06699981689453,53.63939979553223,56.30109985351562,100436.66666666667
2020-11-02,51.849998474121094,50.6500015258789,51.79999923706055,51.33000183105469,106000.0,51.13205337524414,51.27666727701822,34.89592832821951,54.24050006866455,53.03049983978271,53.53099983215332,56.284899864196774,100618.33333333333
2020-11-03,52.41999816894531,51.36999893188477,51.97000122070313,52.0,88100.0,51.79947280883789,51.92999903361002,108.10806642989624,54.154500007629395,53.0377498626709,53.423199844360354,56.25439987182617,99066.66666666667
2020-11-04,51.88000106811523,50.099998474121094,50.95000076293945,50.38999938964844,82200.0,50.30693054199219,50.78999964396159,-140.2935557861269,53.929999923706056,53.007499885559085,53.28879981994629,56.19529987335205,98501.66666666667
2020-11-05,52.40999984741211,50.88000106811523,50.88000106811523,51.77999877929688,81900.0,51.69464111328125,51.68999989827475,57.692385022956856,53.726999855041505,53.039499855041505,53.19839981079102,56.121099853515624,98611.66666666667
2020-11-06,52.75,51.65999984741211,52.27000045776367,52.13999938964844,60300.0,52.05404663085938,52.18333307902017,93.91702785193917,53.45899982452393,53.073999881744385,53.11879981994629,56.053799858093264,98611.66666666667
2020-11-09,59.0,54.86999893188477,55.34000015258789,57.34000015258789,129700.0,57.24547576904297,57.06999969482422,166.6666666666686,53.444999885559085,53.208499908447266,53.14419982910156,56.03969985961914,99710.0
2020-11-10,58.61000061035156,56.56000137329102,58.08000183105469,56.91999816894531,169300.0,56.82616806030274,57.363333384195954,86.93093051326315,53.48549976348877,53.341749858856204,53.19079978942871,56.02099983215332,101403.33333333333
2020-11-11,56.95000076293945,54.63000106811523,56.95000076293945,55.33000183105469,52800.0,55.2387924194336,55.63666788736978,24.777963107923465,53.45899982452393,53.43749990463257,53.19379981994629,55.98719985961914,100681.66666666667
2020-11-12,56.02000045776367,54.15999984741211,54.52999877929688,55.459999084472656,128700.0,55.36857223510742,55.21333312988281,-12.999083268554456,53.44699974060059,53.54449987411499,53.18099983215332,55.951799850463864,101455.0
2020-11-13,58.43999862670898,55.9900016784668,55.9900016784668,58.25,67400.0,58.15397644042969,57.56000010172525,72.23357279988791,53.56699981689453,53.70074987411499,53.272399826049806,55.959599838256835,101021.66666666667
2020-11-16,61.68999862670898,59.13999938964844,59.13999938964844,61.25,103100.0,61.14902877807617,60.69333267211914,151.65031121947487,53.87299976348877,53.954499912261966,53.44159980773926,55.98149982452392,100973.33333333333
2020-11-17,60.93000030517578,59.22000122070313,60.93000030517578,60.38999938964844,84700.0,60.29044723510742,60.18000030517578,75.04308086687904,54.123999786376956,54.1979998588562,53.61519981384277,56.00009983062744,100978.33333333333
2020-11-18,61.52999877929688,59.75,60.59000015258789,60.54999923706055,74000.0,60.4501838684082,60.60999933878581,59.462616738052304,54.37799968719482,54.46174983978271,53.794199829101565,56.001099815368654,101251.66666666667
2020-11-19,60.599998474121094,58.86000061035156,60.599998474121094,59.91999816894531,61100.0,59.82122039794922,59.793332417806,1.9631120654874776,54.640499687194826,54.686499786376956,53.98259979248047,55.98539978027344,100901.66666666667
2020-11-20,60.36000061035156,59.0,59.52999877929688,60.15999984741211,39700.0,60.06082534790039,59.84000015258789,-74.57842370064614,54.95799961090088,54.89849977493286,54.17059982299805,56.00099979400635,100360.0
2020-11-23,61.43000030517578,59.59000015258789,60.47999954223633,60.81000137329102,82500.0,60.70975875854492,60.61000061035156,83.3334646934188,55.434499740600586,55.07099981307984,54.34759986877442,56.02189979553223,100491.66666666667
2020-11-24,62.290000915527344,60.93000030517578,61.9000015258789,61.959999084472656,91700.0,61.85786056518555,61.72666676839194,144.26435855136606,55.98949966430664,55.315499782562256,54.55499984741211,56.040199775695804,99446.66666666667
2020-11-25,61.61000061035156,60.25,61.61000061035156,60.36999893188477,68900.0,60.27048110961914,60.74333318074545,23.033340286666068,56.467999649047854,55.523999786376955,54.73239982604981,56.05219978332519,98541.66666666667
2020-11-27,60.56000137329102,59.349998474121094,60.56000137329102,60.540000915527344,24400.0,60.44020080566406,60.15000025431314,-62.265177453095525,56.903999710083006,55.72649984359741,54.919599838256836,56.08119979858398,97343.33333333333
2020-11-30,60.06000137329102,58.04999923706055,60.06000137329102,58.29999923706055,74400.0,58.20389175415039,58.8033332824707,-143.66787178278543,57.25949974060059,55.82774982452393,55.04559982299805,56.0997998046875,97353.33333333333
2020-12-01,59.81999969482422,58.27999877929688,59.31000137329102,59.0,70600.0,58.90274047851562,59.03333282470703,-75.16341640569141,57.64299964904785,55.9417498588562,55.20359985351563,56.10609981536865,96823.33333333333
2020-12-02,60.290000915527344,58.88999938964844,58.97999954223633,60.13000106811523,57800.0,60.03087615966797,59.77000045776367,7.462732698489108,58.049499702453616,56.101999855041505,55.39319984436035,56.12539981842041,96196.66666666667
2020-12-03,60.459999084472656,59.06000137329102,60.459999084472656,59.2400016784668,26900.0,59.1423454284668,59.5866673787435,17.86802575447046,58.491999816894534,56.21099987030029,55.577999877929685,56.117799835205076,95336.66666666667
2020-12-04,62.27999877929688,59.88999938964844,59.88999938964844,62.18000030517578,61200.0,62.07749557495117,61.4499994913737,162.75840523524022,59.011999893188474,56.36949987411499,55.802999877929686,56.111199836730954,95221.66666666667
2020-12-07,62.4900016784668,61.02000045776367,61.84000015258789,61.18999862670898,47600.0,61.08912658691406,61.56666692097983,87.29514566132366,59.4644998550415,56.46174983978271,55.993199844360355,56.106399841308594,94780.0
2020-12-08,61.68999862670898,60.36000061035156,60.81999969482422,61.56000137329102,74100.0,61.4585189819336,61.203333536783845,39.21569829605247,59.67549991607666,56.56024990081787,56.14619987487793,56.100399856567385,94431.66666666667
2020-12-09,62.209999084472656,59.38999938964844,62.209999084472656,59.47999954223633,77400.0,59.3819465637207,60.35999933878581,-45.865698502381285,59.80349998474121,56.64449987411499,56.29219985961914,56.069999847412106,94346.66666666667
2020-12-10,59.52999877929688,58.31000137329102,59.02999877929688,58.95000076293945,71300.0,58.852821350097656,58.93000030517578,-139.70352029598405,59.98449993133545,56.72174987792969,56.43059989929199,56.03309986114502,93441.66666666667
2020-12-11,59.36999893188477,57.47999954223633,58.36999893188477,57.72999954223633,82500.0,57.63483428955078,58.19333267211914,-103.94749273403929,60.09799995422363,56.77249984741211,56.53639991760254,55.99309986114502,93628.33333333333
2020-12-14,58.65999984741211,57.25,58.16999816894531,57.25,79900.0,57.15562438964844,57.71999994913736,-86.72146575686605,60.047999954223634,56.80749988555908,56.59639991760254,55.95229984283447,89121.66666666667
2020-12-15,60.08000183105469,57.36999893188477,57.36999893188477,59.459999084472656,178100.0,59.36198043823242,58.96999994913736,12.844863884076087,59.958499908447266,56.915749835968015,56.69679992675781,55.965199851989745,88861.66666666667
2020-12-16,59.9900016784668,58.22000122070313,59.709999084472656,59.61000061035156,118300.0,59.51173400878906,59.27333450317383,82.74476948686457,59.91949996948242,57.021749877929686,56.81459991455078,55.97849987030029,87733.33333333333
2020-12-17,62.52999877929688,60.11999893188477,60.11999893188477,62.47000122070313,137500.0,62.36701965332031,61.706666310628265,160.29851155422782,60.01550006866455,57.19674987792969,56.96639991760254,56.02979988098144,88515.0
2020-12-18,63.04999923706055,60.349998474121094,62.40999984741211,62.02999877929688,391700.0,61.92774200439453,61.809998830159515,85.64523052287176,60.121000099182126,57.38074989318848,57.09019989013672,56.06709987640381,93573.33333333333
2020-12-21,61.52000045776367,60.31999969482422,60.72999954223633,61.41999816894531,64000.0,61.318748474121094,61.08666610717773,29.77971656278407,60.18400001525879,57.57099981307984,57.16859985351562,56.096899871826174,93003.33333333333
2020-12-22,61.86000061035156,60.38999938964844,61.290000915527344,61.599998474121094,54600.0,61.498451232910156,61.28333282470703,23.81854789866971,60.223499870300294,57.82899980545044,57.24819984436035,56.13869987487793,91656.66666666667
2020-12-23,64.23000335693361,61.72000122070313,62.18000030517578,63.68000030517578,78600.0,63.57502365112305,63.21000162760418,166.6666666666735,60.30949993133545,58.14949979782104,57.39959983825683,56.19239986419678,90495.0
2020-12-24,63.95000076293945,61.84000015258789,63.95000076293945,62.72999954223633,37100.0,62.62659072875977,62.84000015258789,67.5859250930381,60.42749996185303,58.44774980545044,57.53699981689453,56.24469985961914,89156.66666666667
2020-12-28,63.47999954223633,61.72000122070313,63.47999954223633,62.11999893188477,70500.0,62.01759338378906,62.43999989827475,22.627456775280358,60.5064998626709,58.70524978637695,57.66539978027344,56.27989986419678,88366.66666666667
2020-12-29,62.43000030517578,61.040000915527344,62.43000030517578,61.36000061035156,62000.0,61.25885009765625,61.61000061035156,-66.93435413981138,60.659499931335446,58.95949983596802,57.775599822998046,56.30809986114502,87068.33333333333
2020-12-30,63.66999816894531,61.7400016784668,61.7400016784668,63.47000122070313,47500.0,63.36537170410156,62.96000035603842,49.40370020408235,60.88299999237061,59.262999820709226,57.94239982604981,56.35469985961914,86168.33333333333
2020-12-31,64.0,63.13000106811523,63.31000137329102,63.72000122070313,49700.0,63.61495971679688,63.61666742960611,115.12887776761484,61.0625,59.55599985122681,58.10939987182617,56.38099987030029,85140.0
2021-01-04,65.27999877929689,61.959999084472656,64.61000061035156,62.61000061035156,107700.0,62.50679016113281,63.28333282470703,55.188531607461115,61.23099994659424,59.861499881744386,58.25219985961914,56.38989986419678,85153.33333333333
2021-01-05,65.90000152587889,62.84000015258789,62.86999893188477,65.29000091552734,79400.0,65.182373046875,64.67666753133139,127.72095678306013,61.38649997711182,60.19924993515015,58.46459991455078,56.43719985961914,85255.0
2021-01-06,70.05999755859375,66.88999938964844,66.88999938964844,69.08000183105469,164000.0,68.96612548828125,68.67666625976561,165.2736540975697,61.7810001373291,60.622749996185306,58.76999992370605,56.532899894714355,86196.66666666667
2021-01-07,69.70999908447266,67.87000274658203,69.61000061035156,68.33999633789061,75800.0,68.22734069824219,68.63999938964844,82.80279049196768,62.11999988555908,60.89774990081787,59.11119987487793,56.62989986419678,86203.33333333333
2021-01-08,68.33999633789061,66.55999755859375,68.33999633789061,67.77999877929689,75200.0,67.66826629638672,67.55999755859375,31.97195156391473,62.53499984741211,61.16924991607666,59.44959983825684,56.719099845886234,86533.33333333333
2021-01-11,67.66999816894531,66.69000244140625,66.69000244140625,67.58000183105469,64500.0,67.46859741210939,67.31333414713542,-3.6275019461692386,62.96649990081787,61.47549991607666,59.78519989013672,56.819199867248535,86643.33333333333
2021-01-12,68.58999633789061,67.18000030517578,67.18000030517578,68.33000183105469,59600.0,68.21736145019531,68.03333282470703,-1.5390017665064673,63.49650001525879,61.797249984741214,60.11539993286133,56.9360998916626,86673.33333333333
2021-01-13,70.01999664306639,67.27999877929689,68.16999816894531,70.0,165000.0,69.88460540771484,69.09999847412111,109.21087705215342,64.13400001525879,62.09099998474121,60.49159996032715,57.06549987792969,88640.0
2021-01-14,71.87999725341797,69.70999908447266,70.75,70.16999816894531,150300.0,70.0543212890625,70.58666483561198,130.09563240970112,64.66949996948242,62.31399993896484,60.86839988708496,57.19969985961914,90046.66666666667
2021-01-15,70.09999847412111,67.41999816894531,68.80000305175781,68.20999908447266,103300.0,68.09755706787111,68.57666524251303,-10.800681021454947,65.09949989318848,62.50949993133545,61.192599868774415,57.30789985656738,91098.33333333333
2021-01-19,69.15000152587889,68.01000213623047,68.98000335693361,69.15000152587889,175100.0,69.0360107421875,68.77000172932942,-24.430840887916805,65.43349990844726,62.724499988555905,61.56779991149902,57.42829986572266,93153.33333333333
2021-01-20,69.84999847412111,68.25,69.59999847412111,68.62999725341797,95600.0,68.51686096191406,68.90999857584636,-33.22214856796599,65.76349983215331,62.94224996566773,61.90479988098144,57.55159984588623,93250.0
2021-01-21,68.34999847412111,66.01999664306639,68.34999847412111,66.94999694824219,79700.0,66.83963012695311,67.10666402180989,-146.37702196753045,66.03999977111816,63.111999893188475,62.20099983215332,57.6598998260498,93645.0
2021-01-22,68.36000061035156,65.62000274658203,65.97000122070311,68.08000183105469,78800.0,67.9677734375,67.35333506266278,-72.08009304518808,66.36399993896484,63.29374990463257,62.415799865722654,57.77999984741211,92238.33333333333
2021-01-25,67.80999755859375,66.0,67.55999755859375,67.19999694824219,88900.0,67.08921813964844,67.00333150227864,-68.0070989702449,66.53999977111816,63.42474985122681,62.621399841308595,57.906099815368655,92326.66666666667
2021-01-26,69.88999938964844,67.62000274658203,68.66999816894531,68.83999633789061,61700.0,68.72651672363281,68.78333282470703,78.13529677118841,66.84549961090087,63.63649978637695,62.89159973144531,58.0426997756958,90633.33333333333
2021-01-27,67.91000366210939,65.73999786376953,67.12000274658203,67.5,111400.0,67.38872528076172,67.0500005086263,-51.52722341523995,67.11449966430663,63.81049976348877,63.13239974975586,58.15669979095459,90705.0
2021-01-28,69.80000305175781,68.09999847412111,68.33999633789061,69.08000183105469,96300.0,68.96612548828125,68.9933344523112,91.65352379654075,67.5004997253418,64.07999982833863,63.34899978637695,58.31069980621338,90701.66666666667
2021-01-29,70.8499984741211,68.11000061035156,69.91999816894531,68.19000244140625,138000.0,68.07759094238281,69.0500005086263,63.37007522074946,67.73649978637695,64.30974988937378,63.48779983520508,58.464699821472166,91235.0
2021-02-01,69.29000091552734,66.68000030517578,69.11000061035156,67.61000061035156,95200.0,67.49854278564453,67.86000061035156,-45.511134822934295,67.93099975585938,64.49674987792969,63.63219985961914,58.62369983673096,91353.33333333333
2021-02-02,69.19000244140625,67.20999908447266,67.98999786376953,68.87000274658203,47200.0,68.7564697265625,68.42333475748697,15.034593707242438,68.2439998626709,64.73749990463257,63.79859992980957,58.796399879455564,90770.0
2021-02-03,70.01000213623047,67.83000183105469,68.68000030517578,68.22000122070311,50600.0,68.1075439453125,68.68666839599611,15.18449745485832,68.39049987792968,64.88849992752075,63.964599990844725,58.973599891662595,90248.33333333333
2021-02-04,68.86000061035156,67.61000061035156,67.88999938964844,68.66999816894531,46000.0,68.55679321289061,68.37999979654947,-21.459428898232275,68.36999969482422,65.07549991607667,64.13479995727539,59.15269989013672,90010.0
2021-02-05,69.94000244140625,68.86000061035156,69.31999969482422,69.26000213623047,70900.0,69.14582824707031,69.35333506266278,141.2841098362552,68.4159999847412,65.26799993515014,64.30379997253418,59.325699920654294,89030.0
2021-02-08,72.52999877929688,69.86000061035156,69.86000061035156,72.01000213623047,76400.0,71.89129638671875,71.46666717529297,160.036729196392,68.62750015258788,65.58125,64.50480003356934,59.52989994049072,87481.66666666667
2021-02-09,72.30999755859375,70.55000305175781,71.95999908447266,70.93000030517578,91100.0,70.81307220458984,71.26333363850911,77.81396333648692,68.79500007629395,65.8807499885559,64.71600006103516,59.72419994354248,88120.0
2021-02-10,72.33999633789062,68.15000152587889,71.43000030517578,68.15000152587889,132000.0,68.03765869140625,69.54666646321614,-27.83895639682756,68.78600006103515,66.14125003814698,64.86820007324219,59.89389995574951,88175.0
2021-02-11,69.81999969482422,67.80999755859375,68.30000305175781,69.48000335693361,132400.0,69.36546325683594,69.03666687011719,-74.1993952921393,68.76000022888184,66.4470001220703,65.09180015563965,60.068699989318844,89258.33333333333
2021-02-12,69.90000152587889,68.33999633789061,68.83000183105469,69.76000213623047,50000.0,69.64500427246094,69.33333333333333,-53.682223191812746,68.7395004272461,66.70450019836426,65.30700019836426,60.25530002593994,88373.33333333333
2021-02-16,71.55999755859375,70.08000183105469,71.26000213623047,70.61000061035156,70900.0,70.61000061035156,70.75,62.377520447006646,68.85950050354003,66.97950019836426,65.51660018920899,60.45490001678467,88143.33333333333
2021-02-17,69.90000152587889,68.33000183105469,69.90000152587889,68.81999969482422,109600.0,68.81999969482422,69.01666768391928,-70.84461112241863,68.8430004119873,67.13825016021728,65.70820014953614,60.64310001373291,88736.66666666667
2021-02-18,68.45999908447266,64.01000213623047,68.37000274658203,66.70999908447266,123100.0,66.70999908447266,66.39333343505861,-166.66666666666103,68.74700050354004,67.25525016784668,65.79880012512207,60.80090000152588,89770.0
2021-02-19,68.22000122070311,65.26999664306639,66.70999908447266,66.80999755859375,134200.0,66.80999755859375,66.76666514078775,-75.02378071692561,68.74000053405761,67.39000015258789,65.91120010375977,60.95219997406006,91345.0
2021-02-22,68.30999755859375,65.73999786376953,66.48999786376953,67.52999877929689,224800.0,67.52999877929689,67.19333140055339,-37.229638545424365,68.71250038146972,67.53825016021729,66.03060005187989,61.088399963378905,93716.66666666667
2021-02-23,68.68000030517578,66.11000061035156,67.02999877929689,68.09999847412111,159500.0,68.09999847412111,67.62999979654947,20.758129703992747,68.75750045776367,67.64875011444092,66.20300003051757,61.24759994506836,94846.66666666667
2021-02-24,70.80000305175781,68.04000091552734,68.04000091552734,70.01999664306639,109900.0,70.01999664306639,69.62000020345053,158.41630937725427,68.81650047302246,67.83100004196167,66.42439994812011,61.42749992370605,95530.0
2021-02-25,69.84999847412111,67.29000091552734,69.84999847412111,68.5,93100.0,68.5,68.54666646321614,43.82608047074476,68.86650047302246,67.99050006866455,66.63979995727539,61.58809993743896,96675.0
2021-02-26,68.65000152587889,67.52999877929689,68.29000091552734,68.48000335693361,180900.0,68.48000335693361,68.22000122070311,-2.1789413038456136,68.83650054931641,68.1685001373291,66.86440002441407,61.7303999710083,98450.0
2021-03-01,73.61000061035156,69.08999633789061,69.37000274658203,73.22000122070312,114300.0,73.22000122070312,71.97333272298177,144.66915846936547,69.08800048828125,68.4122501373291,67.13960006713867,61.91819999694824,99178.33333333333
2021-03-02,73.94000244140625,71.58999633789062,73.5,71.7699966430664,85300.0,71.7699966430664,72.43333180745442,92.70729982294148,69.29600028991699,68.61350002288819,67.38279998779296,62.098699951171874,99636.66666666667
2021-03-03,74.58999633789062,71.20999908447266,72.19000244140625,73.31999969482422,96400.0,73.31999969482422,73.03999837239583,74.45558417872594,69.5185001373291,68.88125,67.5997999572754,62.28309993743896,100795.0
2021-03-04,73.1500015258789,69.91999816894531,73.05000305175781,70.95999908447266,106900.0,70.95999908447266,71.3433329264323,-3.0172042612423557,69.65550003051757,69.02299995422364,67.7783999633789,62.43429992675781,101556.66666666667
2021-03-05,73.06999969482422,70.87999725341797,72.13999938964844,73.06999969482422,123200.0,73.06999969482422,72.33999888102214,16.73518045799095,69.87550010681153,69.12274990081787,68.01139999389649,62.58999992370605,102816.66666666667
2021-03-08,75.55999755859375,72.2699966430664,73.55999755859375,75.31999969482422,121600.0,75.31999969482422,74.38333129882812,139.1010840789641,70.17849998474121,69.29724998474121,68.28580001831055,62.76699993133545,103608.33333333333
2021-03-09,77.62000274658203,73.88999938964844,75.83999633789062,76.56999969482422,103100.0,76.56999969482422,76.02666727701823,121.8369835250887,70.4064998626709,69.51700000762939,68.54360000610352,62.971599922180175,104036.66666666667
2021-03-10,80.69999694824219,77.04000091552734,77.04000091552734,78.33999633789062,136100.0,78.33999633789062,78.69333140055339,122.9780738109976,70.77699966430664,69.78599987030029,68.8557999420166,63.19639987945557,105116.66666666667
2021-03-11,78.73999786376953,75.18000030517578,78.73999786376953,76.16999816894531,240300.0,76.16999816894531,76.69666544596355,39.29498378534458,71.17799949645996,69.98199977874756,69.13679992675782,63.401099853515625,107746.66666666667
2021-03-12,76.83999633789062,74.86000061035156,76.52999877929688,75.13999938964844,130900.0,75.13999938964844,75.6133321126302,-39.49336747864703,71.4609992980957,70.11049976348878,69.41239990234375,63.5939998626709,108596.66666666667
2021-03-15,74.55999755859375,72.77999877929688,74.47000122070312,73.68000030517578,164600.0,73.68000030517578,73.67333221435547,-132.28256639863343,71.65699920654296,70.19824981689453,69.6165998840332,63.77949985504151,108371.66666666667
2021-03-16,73.11000061035156,70.95999908447266,73.11000061035156,71.41000366210938,172800.0,71.41000366210938,71.82666778564453,-113.49971241865295,71.69699935913086,70.27824993133545,69.77039993286132,63.93989990234375,109280.0
2021-03-17,73.01000213623047,70.72000122070312,71.16999816894531,72.7699966430664,145100.0,72.7699966430664,72.16666666666667,-70.56130570122986,71.89449920654297,70.36874980926514,69.97359985351562,64.11289985656738,109406.66666666667
2021-03-18,73.87000274658203,70.43000030517578,72.33000183105469,70.86000061035156,153700.0,70.86000061035156,71.72000122070312,-64.908706414341,72.10199928283691,70.42449989318848,70.0849998474121,64.27479988098145,105440.0
2021-03-19,70.66000366210938,68.5,70.66000366210938,69.41000366210939,730200.0,69.41000366210939,69.52333577473958,-162.21395405379891,72.2319995880127,70.48600006103516,70.0915998840332,64.43079990386963,116543.33333333333
2021-03-22,69.66000366210939,67.38999938964844,69.66000366210939,68.75,159900.0,68.75,68.60000101725261,-105.88890949768415,72.29299964904786,70.50275001525878,70.0997999572754,64.60549991607667,118298.33333333333
2021-03-23,68.80000305175781,66.37999725341797,67.73999786376953,66.52999877929689,150500.0,66.52999877929689,67.23666636149089,-103.97437825041521,72.21449966430664,70.48600006103516,70.07479995727539,64.76219989776611,119496.66666666667
2021-03-24,69.16999816894531,66.04000091552734,67.68000030517578,66.05999755859375,156900.0,66.05999755859375,67.08999888102214,-81.29780993985533,72.01649971008301,70.41650009155273,70.04439987182617,64.91479988098145,121493.33333333333
2021-03-25,66.37000274658203,63.88000106811523,65.12000274658203,65.08000183105469,217000.0,65.08000183105469,65.11000188191731,-129.16742498326985,71.84549980163574,70.3560001373291,69.97939987182617,65.04739990234376,123935.0
2021-03-26,68.04000091552734,65.76999664306639,66.13999938964844,66.90000152587889,529200.0,66.90000152587889,66.90333302815755,-7.189814337900523,71.76649971008301,70.3015001296997,69.91739990234375,65.20449993133545,131721.66666666666
2021-03-29,69.0,65.15000152587889,66.61000061035156,65.43000030517578,186700.0,65.43000030517578,66.52666727701822,-5.150803145103309,71.37699966430664,70.23250007629395,69.82259994506836,65.34549991607666,134041.66666666666
2021-03-30,66.45999908447266,64.76000213623047,64.98999786376953,65.88999938964844,136400.0,65.88999938964844,65.70333353678386,-54.58661827614624,71.08299980163574,70.18950004577637,69.77619995117188,65.48439990997315,135486.66666666666
2021-03-31,67.73000335693361,65.97000122070311,66.54000091552734,66.23999786376953,205100.0,66.23999786376953,66.64666748046875,50.63386816604542,70.728999710083,70.12374992370606,69.71799987792969,65.64289989471436,137110.0
2021-04-01,67.75,65.66000366210939,66.76999664306639,67.72000122070311,174500.0,67.72000122070311,67.0433349609375,88.70784087281237,70.56699981689454,70.11124992370605,69.69979995727539,65.80229991912842,138695.0
2021-04-05,68.44999694824219,67.36000061035156,68.18000030517578,68.08999633789061,64900.0,68.08999633789061,67.96666463216145,136.20382343690605,70.31799964904785,70.09674987792968,69.72259994506835,65.96179988861084,137043.33333333334
2021-04-06,69.08000183105469,67.30000305175781,67.80000305175781,67.33000183105469,64200.0,67.33000183105469,67.90333557128906,80.34272630376294,69.91849975585937,70.04849987030029,69.70759994506835,66.06169990539551,136850.0
2021-04-07,67.55999755859375,66.12999725341797,67.55999755859375,66.48999786376953,82900.0,66.48999786376953,66.72666422526042,-65.25689879087264,69.41449966430665,69.91049976348877,69.69339996337891,66.15739990234376,136978.33333333334
2021-04-08,66.83000183105469,65.58999633789061,66.61000061035156,66.63999938964844,59400.0,66.63999938964844,66.35333251953125,-95.66924157157051,68.82949981689453,69.80324974060059,69.64940002441406,66.2704998779297,136893.33333333334
2021-04-09,67.54000091552734,65.41000366210939,66.36000061035156,67.16999816894531,70600.0,67.16999816894531,66.70666758219403,-44.03411907711703,68.37949981689454,69.77874965667725,69.64279998779297,66.38759986877442,137076.66666666666
2021-04-12,67.48000335693361,66.5,67.30999755859375,66.86000061035156,51500.0,66.86000061035156,66.94666798909505,3.237500325779488,67.96549987792969,69.7132495880127,69.59839996337891,66.47369987487792,135185.0
2021-04-13,67.68000030517578,66.01000213623047,66.77999877929689,66.37000274658203,72300.0,66.37000274658203,66.68666839599611,1.3448819883043923,67.6,69.62849960327148,69.56199996948243,66.52489990234375,133885.0
2021-04-14,68.16999816894531,65.97000122070311,66.16999816894531,67.69000244140625,62900.0,67.69000244140625,67.27666727701822,126.61757598902992,67.41399993896485,69.55549964904785,69.56360000610351,66.59789993286132,133211.66666666666
2021-04-15,68.98000335693361,67.33000183105469,68.47000122070311,68.70999908447266,66100.0,68.70999908447266,68.34000142415364,155.1414412951467,67.21100006103515,69.55274963378906,69.56039993286133,66.67949993133544,131395.0
2021-04-16,69.56999969482422,67.68000030517578,69.56999969482422,67.79000091552734,85300.0,67.79000091552734,68.34666697184245,83.67038579171681,67.05750007629395,69.57974967956542,69.55179992675781,66.75819995880127,131223.33333333334
2021-04-19,67.55000305175781,66.15000152587889,67.52999877929689,67.02999877929689,57700.0,67.02999877929689,66.91000111897786,-60.344831981459286,66.93849983215333,69.585249710083,69.51899993896484,66.82689994812011,130856.66666666667
2021-04-20,67.17320251464844,65.15000152587889,66.43000030517578,65.15000152587889,4118.0,65.15000152587889,65.82440185546875,-125.78587192608458,66.75849990844726,69.52574977874755,69.43679992675781,66.870299949646,129611.96666666666
